scope,condition,metric,mean,std,median,p05,p95,model_mean_min,model_mean_max,model_mean_std
all,observed,loss,0.10498199999999996,2.7895403077993544e-17,0.10498199999999999,0.10498199999999999,0.10498199999999999,0.09951000000000003,0.10763000000000006,0.003172714925737899
all,observed,recall,0.848168,0.0,0.848168,0.848168,0.848168,0.84552,0.8536400000000002,0.003172714925737942
all,observed,inversions,6.01094,0.0,6.01094,6.01094,6.01094,5.556199999999998,6.252799999999999,0.26506068739064353
all,observed,agreement,0.8740460000000003,1.1158161231197418e-16,0.8740460000000002,0.8740460000000002,0.8740460000000002,0.8712700000000001,0.87973,0.003289548601252145
all,observed,harmful_fraction,0.7225200000000003,3.3474483693592255e-16,0.7225199999999999,0.7225199999999999,0.7225199999999999,0.7001000000000002,0.7336999999999999,0.012981794945229944
all,N0,loss,0.14157036,0.0003322248696898002,0.14158199999999999,0.1409974,0.1420633,0.1369737,0.1430091,0.002583594485982657
all,N0,recall,0.8115796399999998,0.00033222486968979804,0.8115680000000001,0.8110867,0.8121526,0.8101408999999998,0.8161763000000001,0.002583594485982699
all,N0,inversions,10.1312582,0.03434917093907838,10.131969999999999,10.061979,10.183717,9.652975,10.286604,0.26901954377647064
all,N0,agreement,0.83529582,0.00034474995711282193,0.835238,0.8347515999999999,0.8358840999999999,0.8336880000000001,0.8406459,0.003003188843046635
all,N0,harmful_fraction,0.8319496000000001,0.0013811237702273053,0.83186,0.8296720000000001,0.8343619999999999,0.8185379999999999,0.836044,0.007533324252944435
all,N1,loss,0.14822120000000003,0.00030371557667520566,0.14821499999999999,0.1477199,0.1486867,0.13267009999999999,0.15252469999999999,0.008702608701130952
all,N1,recall,0.8049288,0.0003037155766752135,0.804935,0.8044633,0.8054300999999999,0.8006253,0.8204799000000002,0.008702608701131013
all,N1,inversions,10.258320000000001,0.02440198948670157,10.25821,10.218576999999998,10.298371,8.573886000000002,10.75897,0.9439247016237572
all,N1,agreement,0.82525482,0.0003198513663651599,0.8252790000000001,0.8247373,0.8258046000000001,0.8203699,0.8429072999999999,0.00987703980892048
all,N1,harmful_fraction,0.8391712000000001,0.0012433916470198714,0.8392000000000001,0.837357,0.841244,0.7998930000000003,0.8500230000000001,0.021973331135719816
all,N2,loss,0.11441474,0.00022696088836732389,0.114414,0.11403970000000001,0.1147281,0.10788170000000001,0.11683379999999997,0.0036802126790445055
all,N2,recall,0.83873526,0.00022696088836732177,0.8387360000000001,0.8384219,0.8391103,0.8363162000000002,0.8452683000000001,0.003680212679044544
all,N2,inversions,7.265544000000001,0.013795795582625092,7.26571,7.244459,7.288898,6.519551,7.5384340000000005,0.4207936893544153
all,N2,agreement,0.8630377800000001,0.00021883140413191118,0.8630310000000001,0.8626507,0.8633886,0.8604164999999999,0.8705535000000001,0.004223642316413709
all,N2,harmful_fraction,0.7514320000000001,0.0012902337115046306,0.7513799999999999,0.7494949999999999,0.7532479999999999,0.7277589999999999,0.7591650000000001,0.013308280279585402
all,N3,loss,0.10624014000000002,0.00020163157821465798,0.106207,0.10595779999999999,0.1066204,0.10136989999999997,0.1085289,0.0027994643153646504
all,N3,recall,0.8469098600000001,0.00020163157821465646,0.846943,0.8465295999999999,0.8471922,0.8446210999999998,0.8517801,0.0027994643153646816
all,N3,inversions,6.1902006,0.009597628686505887,6.18961,6.176938,6.208671,5.721265,6.414840000000001,0.26962781668218155
all,N3,agreement,0.8725614199999998,0.0002102503164220032,0.872597,0.8721791,0.8728946999999999,0.8700196999999997,0.8779549,0.003096414516339887
all,N3,harmful_fraction,0.7292030000000002,0.0012279189095721458,0.72923,0.7272749999999999,0.731307,0.7099540000000001,0.737366,0.011041060909169887
all,N4,loss,0.1060353,0.00015880446651734452,0.106038,0.10580659999999999,0.10627889999999998,0.10074600000000002,0.10886479999999998,0.003106605002249231
all,N4,recall,0.8471146999999999,0.00015880446651734154,0.8471120000000001,0.8468711,0.8473434000000001,0.8442852000000002,0.8524039999999999,0.003106605002249165
all,N4,inversions,6.179751799999999,0.008384174652645359,6.18,6.163864,6.193936,5.711709,6.417235,0.27137158309539333
all,N4,agreement,0.87282186,0.00016179579472878512,0.872803,0.8726075999999999,0.8730659,0.8699063000000001,0.8785654999999999,0.0033313401932254876
all,N4,harmful_fraction,0.7261944,0.0009442567704204456,0.7262500000000001,0.7244,0.727582,0.7051510000000001,0.7360890000000001,0.012324477384457294
all,N_distance,loss,0.11817579999999998,0.0003199100252296338,0.11818100000000001,0.11772089999999999,0.1186511,0.11310470000000002,0.11981649999999998,0.0028463918370456175
all,N_distance,recall,0.8349742000000002,0.0003199100252296321,0.834969,0.8344989,0.8354290999999999,0.8333335,0.8400452999999999,0.002846391837045588
all,N_distance,inversions,7.2976198,0.024790844105732783,7.29618,7.262342,7.340288999999999,6.7528559999999995,7.4693629999999995,0.30644698719631774
all,N_distance,agreement,0.8602048999999999,0.00032124799256535346,0.860225,0.8597401,0.8606463,0.8584125000000001,0.8658823999999998,0.0031839383560300486
all,N_distance,harmful_fraction,0.7713418,0.0016396060009599448,0.77143,0.768439,0.773926,0.7550380000000001,0.776773,0.009159436210815573
oracle1,observed,loss,0.1198766816143498,1.3947701538996772e-17,0.11987668161434979,0.11987668161434979,0.11987668161434979,0.1140835201793722,0.12270179372197312,0.0034718962387838477
oracle1,observed,recall,0.8801233183856505,2.2316322462394835e-16,0.8801233183856503,0.8801233183856503,0.8801233183856503,0.8772982062780271,0.8859164798206275,0.0034718962387835887
oracle1,observed,inversions,5.476653587443947,0.0,5.476653587443947,5.476653587443947,5.476653587443947,5.039237668161435,5.737107623318385,0.26104101960164716
oracle1,observed,agreement,0.8801233183856505,2.2316322462394835e-16,0.8801233183856503,0.8801233183856503,0.8801233183856503,0.8772982062780271,0.8859164798206275,0.0034718962387835887
oracle1,observed,harmful_fraction,0.805297085201794,2.2316322462394835e-16,0.8052970852017938,0.8052970852017938,0.8052970852017938,0.7860145739910311,0.8132006726457398,0.0117000163836599
oracle1,N0,loss,0.15885002802690582,0.0003959716987753797,0.15881586322869953,0.15826751681614348,0.15954414237668163,0.1551258408071749,0.1600267656950673,0.0020976825044933694
oracle1,N0,recall,0.8411499719730942,0.0003959716987753753,0.8411841367713004,0.8404558576233184,0.8417324831838564,0.8399732343049329,0.8448741591928252,0.002097682504493368
oracle1,N0,inversions,9.467368834080716,0.03687066186633138,9.469352578475336,9.408751401345292,9.531451793721972,9.19635369955157,9.576219170403588,0.15436273714567836
oracle1,N0,agreement,0.8411499719730942,0.0003959716987753753,0.8411841367713004,0.8404558576233184,0.8417324831838564,0.8399732343049329,0.8448741591928252,0.002097682504493368
oracle1,N0,harmful_fraction,0.8980504484304933,0.0013256993693978884,0.8980241031390135,0.8960187780269059,0.900061659192825,0.8910832399103138,0.9001947869955157,0.003920520783561094
oracle1,N1,loss,0.1684976177130045,0.00037559082754510896,0.16849635650224215,0.16787275784753364,0.1690945908071749,0.15263046524663676,0.17280759529147982,0.008876367514558796
oracle1,N1,recall,0.8315023822869954,0.0003755908275451025,0.831503643497758,0.8309054091928252,0.8321272421524663,0.8271924047085202,0.8473695347533634,0.008876367514558892
oracle1,N1,inversions,9.559763452914797,0.03061911038894268,9.561294843049327,9.511992713004483,9.609765975336323,8.12628923766816,9.968168441704037,0.8029486362946208
oracle1,N1,agreement,0.8315023822869954,0.0003755908275451025,0.831503643497758,0.8309054091928252,0.8321272421524663,0.8271924047085202,0.8473695347533634,0.008876367514558892
oracle1,N1,harmful_fraction,0.9137564461883407,0.0011865094947281808,0.9137752242152466,0.9119590807174888,0.9155829596412556,0.8839910313901346,0.9217825112107625,0.01664361070706523
oracle1,N2,loss,0.1301325952914798,0.0002627876012354518,0.13015975336322871,0.12970053251121078,0.13062542040358743,0.12381712443946188,0.13257174887892376,0.0035769044547572133
oracle1,N2,recall,0.8698674047085203,0.0002627876012354398,0.8698402466367714,0.8693745795964126,0.8702994674887893,0.8674282511210762,0.8761828755605383,0.003576904454757328
oracle1,N2,inversions,6.590460762331837,0.016287056424184702,6.592446748878923,6.562214125560539,6.613130605381166,6.010552130044845,6.833849495515694,0.3305364716881587
oracle1,N2,agreement,0.8698674047085203,0.0002627876012354398,0.8698402466367714,0.8693745795964126,0.8702994674887893,0.8674282511210762,0.8761828755605383,0.003576904454757328
oracle1,N2,harmful_fraction,0.8307003923766816,0.0014848671551307513,0.8307034753363229,0.8282721412556053,0.8329372197309417,0.8122926008968611,0.8370697869955157,0.01044013863848694
oracle1,N3,loss,0.12144226457399103,0.00025851226963688484,0.12142236547085203,0.12104512331838566,0.12188410874439462,0.11638845291479819,0.12385874439461882,0.0029450771248513137
oracle1,N3,recall,0.878557735426009,0.0002585122696368757,0.8785776345291479,0.8781158912556054,0.8789548766816145,0.8761412556053811,0.8836115470852018,0.0029450771248513735
oracle1,N3,inversions,5.632582399103139,0.011377714893242304,5.633211883408072,5.613290358744394,5.648594450672645,5.231422365470853,5.852662556053812,0.23621947979737365
oracle1,N3,agreement,0.878557735426009,0.0002585122696368757,0.8785776345291479,0.8781158912556054,0.8789548766816145,0.8761412556053811,0.8836115470852018,0.0029450771248513735
oracle1,N3,harmful_fraction,0.8120571748878924,0.001472359288583435,0.8120515695067264,0.8094408632286996,0.8144100336322869,0.7950686659192823,0.819477298206278,0.010003881666301145
oracle1,N4,loss,0.12108158632286997,0.00018338410868789913,0.12110145739910314,0.12078937780269057,0.12132146860986545,0.11553951793721975,0.12398878923766814,0.0032926380272919214
oracle1,N4,recall,0.8789184136771301,0.00018338410868790707,0.8788985426008968,0.8786785313901345,0.8792106221973094,0.8760112107623317,0.88446048206278,0.003292638027291876
oracle1,N4,inversions,5.623734024663675,0.008960077466152282,5.6241451793721975,5.60859865470852,5.638771020179373,5.212600896860987,5.865896860986547,0.24552745316770444
oracle1,N4,agreement,0.8789184136771301,0.00018338410868790707,0.8788985426008968,0.8786785313901345,0.8792106221973094,0.8760112107623317,0.88446048206278,0.003292638027291876
oracle1,N4,harmful_fraction,0.8083576233183857,0.000999535023828803,0.8082959641255606,0.8069198430493274,0.8103755605381167,0.7898570627802691,0.8165232623318386,0.011154706979755659
oracle1,N_distance,loss,0.13403197869955158,0.00039827460396730835,0.1340064461883408,0.13346090246636771,0.13476205156950674,0.12917544843049328,0.13559669282511208,0.002724181748944016
oracle1,N_distance,recall,0.8659680213004484,0.0003982746039673142,0.8659935538116592,0.8652379484304932,0.8665390975336325,0.8644033071748878,0.8708245515695068,0.0027241817489440535
oracle1,N_distance,inversions,6.73452298206278,0.028745862047756997,6.732889573991031,6.686231782511211,6.78806754484305,6.285235426008968,6.875507286995518,0.2527616376680451
oracle1,N_distance,agreement,0.8659680213004484,0.0003982746039673142,0.8659935538116592,0.8652379484304932,0.8665390975336325,0.8644033071748878,0.8708245515695068,0.0027241817489440535
oracle1,N_distance,harmful_fraction,0.8484201233183858,0.0016986632874093407,0.8483464125560538,0.8458450112107624,0.8512429932735425,0.8369744955156952,0.8521272421524665,0.006420325551954791
