replicate_id,rho,descriptor,spearman_rho,query_count
0,0,distance_to_generating_center,0.014972157455893427,500
0,0,distance_to_nearest_center,0.014972157455893427,500
0,0,distance_to_second_center,0.014972157455893427,500
0,0,cluster_center_margin,,500
0,0,normalized_cluster_center_margin,,500
0,0,exact_nn_distance_squared,-0.007954277128724303,500
0,0,exact_10th_distance_squared,0.029116309365161738,500
0,0,nn_margin_squared,0.03150083136211231,500
0,0,normalized_nn_margin_by_10th,0.02843383311300448,500
0,0,query_l2_norm,0.014972157455893427,500
0,0.1,distance_to_generating_center,-0.01488235196140101,500
0,0.1,distance_to_nearest_center,-0.023448826133770004,500
0,0.1,distance_to_second_center,-0.025261263686658778,500
0,0.1,cluster_center_margin,-0.027037448579847218,500
0,0.1,normalized_cluster_center_margin,-0.023826010140355656,500
0,0.1,exact_nn_distance_squared,-0.06072066438039308,500
0,0.1,exact_10th_distance_squared,-0.03442722591094564,500
0,0.1,nn_margin_squared,0.04809350145733151,500
0,0.1,normalized_nn_margin_by_10th,0.06165189846919133,500
0,0.1,query_l2_norm,-0.02859914671281403,500
0,0.25,distance_to_generating_center,-0.06790121331389397,500
0,0.25,distance_to_nearest_center,-0.06790121331389397,500
0,0.25,distance_to_second_center,-0.00017586768019753639,500
0,0.25,cluster_center_margin,0.06855709032094036,500
0,0.25,normalized_cluster_center_margin,0.07372546221930702,500
0,0.25,exact_nn_distance_squared,-0.019844033512766594,500
0,0.25,exact_10th_distance_squared,-0.06407284624366048,500
0,0.25,nn_margin_squared,-0.09340202694253674,500
0,0.25,normalized_nn_margin_by_10th,-0.0801035288846475,500
0,0.25,query_l2_norm,-0.011233134490880559,500
0,0.5,distance_to_generating_center,-0.07583157529242343,500
0,0.5,distance_to_nearest_center,-0.07583157529242343,500
0,0.5,distance_to_second_center,-0.07459097692363123,500
0,0.5,cluster_center_margin,-0.0023261219414853814,500
0,0.5,normalized_cluster_center_margin,0.043886167296024195,500
0,0.5,exact_nn_distance_squared,-0.07490112651582928,500
0,0.5,exact_10th_distance_squared,-0.07521127610802733,500
0,0.5,nn_margin_squared,0.024346742987546993,500
0,0.5,normalized_nn_margin_by_10th,0.05257035587756962,500
0,0.5,query_l2_norm,-0.07335037855483903,500
0,0.75,distance_to_generating_center,0.01226900982615991,500
0,0.75,distance_to_nearest_center,0.01226900982615991,500
0,0.75,distance_to_second_center,-0.049733307688183924,500
0,0.75,cluster_center_margin,-0.030015256181855493,500
0,0.75,normalized_cluster_center_margin,-0.024976198574682675,500
0,0.75,exact_nn_distance_squared,-0.0004381789223628539,500
0,0.75,exact_10th_distance_squared,0.01161174144261563,500
0,0.75,nn_margin_squared,0.01161174144261563,500
0,0.75,normalized_nn_margin_by_10th,0.015336262282699888,500
0,0.75,query_l2_norm,-0.012926278209704191,500
0,0.9,distance_to_generating_center,-0.04853841117899496,500
0,0.9,distance_to_nearest_center,-0.04853841117899496,500
0,0.9,distance_to_second_center,-0.03241063238469631,500
0,0.9,cluster_center_margin,0.002946421125881483,500
0,0.9,normalized_cluster_center_margin,0.03396138034568657,500
0,0.9,exact_nn_distance_squared,-0.02062494788117038,500
0,0.9,exact_10th_distance_squared,-0.04915871036339106,500
0,0.9,nn_margin_squared,-0.05815304853713454,500
0,0.9,normalized_nn_margin_by_10th,-0.0463673640336086,500
0,0.9,query_l2_norm,0.039544073005251486,500
1,0,distance_to_generating_center,0.007061088975665069,500
1,0,distance_to_nearest_center,0.007061088975665069,500
1,0,distance_to_second_center,0.007061088975665069,500
1,0,cluster_center_margin,,500
1,0,normalized_cluster_center_margin,,500
1,0,exact_nn_distance_squared,-0.039579367249763485,500
1,0,exact_10th_distance_squared,-0.002867327127678607,500
1,0,nn_margin_squared,0.048871547276634036,500
1,0,normalized_nn_margin_by_10th,0.05686079241091872,500
1,0,query_l2_norm,0.007061088975665069,500
1,0.1,distance_to_generating_center,0.011977451818459174,500
1,0.1,distance_to_nearest_center,0.01140824239443437,500
1,0.1,distance_to_second_center,-0.008090399211296975,500
1,0.1,cluster_center_margin,-0.051486254984003416,500
1,0.1,normalized_cluster_center_margin,-0.051931801340104895,500
1,0.1,exact_nn_distance_squared,0.011439083304836554,500
1,0.1,exact_10th_distance_squared,-0.009721374346837801,500
1,0.1,nn_margin_squared,-0.06668209214514886,500
1,0.1,normalized_nn_margin_by_10th,-0.06524988457772962,500
1,0.1,query_l2_norm,-0.014986486662488599,500
1,0.25,distance_to_generating_center,-0.009201757369619933,500
1,0.25,distance_to_nearest_center,-0.009201757369619933,500
1,0.25,distance_to_second_center,0.03768338732320544,500
1,0.25,cluster_center_margin,0.04600878684809966,500
1,0.25,normalized_cluster_center_margin,0.04688514469282537,500
1,0.25,exact_nn_distance_squared,0.054334186372993885,500
1,0.25,exact_10th_distance_squared,0.0333015980995769,500
1,0.25,nn_margin_squared,-0.05104784445527248,500
1,0.25,normalized_nn_margin_by_10th,-0.06046869128607384,500
1,0.25,query_l2_norm,0.024099840729956967,500
1,0.5,distance_to_generating_center,0.07707217366121563,500
1,0.5,distance_to_nearest_center,0.07707217366121563,500
1,0.5,distance_to_second_center,-0.06559663874988776,500
1,0.5,cluster_center_margin,-0.07738232325341368,500
1,0.5,normalized_cluster_center_margin,-0.07738232325341368,500
1,0.5,exact_nn_distance_squared,0.07707217366121563,500
1,0.5,exact_10th_distance_squared,0.07459097692363123,500
1,0.5,nn_margin_squared,-0.05815304853713454,500
1,0.5,normalized_nn_margin_by_10th,-0.07210978018604683,500
1,0.5,query_l2_norm,0.027758388501725552,500
1,0.75,distance_to_generating_center,,500
1,0.75,distance_to_nearest_center,,500
1,0.75,distance_to_second_center,,500
1,0.75,cluster_center_margin,,500
1,0.75,normalized_cluster_center_margin,,500
1,0.75,exact_nn_distance_squared,,500
1,0.75,exact_10th_distance_squared,,500
1,0.75,nn_margin_squared,,500
1,0.75,normalized_nn_margin_by_10th,,500
1,0.75,query_l2_norm,,500
1,0.9,distance_to_generating_center,,500
1,0.9,distance_to_nearest_center,,500
1,0.9,distance_to_second_center,,500
1,0.9,cluster_center_margin,,500
1,0.9,normalized_cluster_center_margin,,500
1,0.9,exact_nn_distance_squared,,500
1,0.9,exact_10th_distance_squared,,500
1,0.9,nn_margin_squared,,500
1,0.9,normalized_nn_margin_by_10th,,500
1,0.9,query_l2_norm,,500
2,0,distance_to_generating_center,0.04317737563381987,500
2,0,distance_to_nearest_center,0.04317737563381987,500
2,0,distance_to_second_center,0.04317737563381987,500
2,0,cluster_center_margin,,500
2,0,normalized_cluster_center_margin,,500
2,0,exact_nn_distance_squared,0.0041037270367823555,500
2,0,exact_10th_distance_squared,0.03595760396451707,500
2,0,nn_margin_squared,0.09742902723036909,500
2,0,normalized_nn_margin_by_10th,0.0882954783389514,500
2,0,query_l2_norm,0.04317737563381987,500
2,0.1,distance_to_generating_center,0.0609348420804526,500
2,0.1,distance_to_nearest_center,0.06463969573416085,500
2,0.1,distance_to_second_center,0.085348545320298,500
2,0.1,cluster_center_margin,0.03896572304452151,500
2,0.1,normalized_cluster_center_margin,0.03380444613597234,500
2,0.1,exact_nn_distance_squared,0.0565085795118419,500
2,0.1,exact_10th_distance_squared,0.07632643445211572,500
2,0.1,nn_margin_squared,0.05448576348404445,500
2,0.1,normalized_nn_margin_by_10th,0.030572996995919255,500
2,0.1,query_l2_norm,0.08287053676511408,500
2,0.25,distance_to_generating_center,0.04160210729295225,500
2,0.25,distance_to_nearest_center,0.041705490904688655,500
2,0.25,distance_to_second_center,-0.045193854061988004,500
2,0.25,cluster_center_margin,-0.08591699222047973,500
2,0.25,normalized_cluster_center_margin,-0.0862252671433792,500
2,0.25,exact_nn_distance_squared,-0.0325391580552292,500
2,0.25,exact_10th_distance_squared,0.039618017373357815,500
2,0.25,nn_margin_squared,0.05211117648677848,500
2,0.25,normalized_nn_margin_by_10th,0.055569108177719935,500
2,0.25,query_l2_norm,-0.043727724374581,500
2,0.5,distance_to_generating_center,,500
2,0.5,distance_to_nearest_center,,500
2,0.5,distance_to_second_center,,500
2,0.5,cluster_center_margin,,500
2,0.5,normalized_cluster_center_margin,,500
2,0.5,exact_nn_distance_squared,,500
2,0.5,exact_10th_distance_squared,,500
2,0.5,nn_margin_squared,,500
2,0.5,normalized_nn_margin_by_10th,,500
2,0.5,query_l2_norm,,500
2,0.75,distance_to_generating_center,,500
2,0.75,distance_to_nearest_center,,500
2,0.75,distance_to_second_center,,500
2,0.75,cluster_center_margin,,500
2,0.75,normalized_cluster_center_margin,,500
2,0.75,exact_nn_distance_squared,,500
2,0.75,exact_10th_distance_squared,,500
2,0.75,nn_margin_squared,,500
2,0.75,normalized_nn_margin_by_10th,,500
2,0.75,query_l2_norm,,500
2,0.9,distance_to_generating_center,0.03210048279249826,500
2,0.9,distance_to_nearest_center,0.03210048279249826,500
2,0.9,distance_to_second_center,0.03458167953008267,500
2,0.9,cluster_center_margin,0.014421956037209365,500
2,0.9,normalized_cluster_center_margin,-0.011630609707426907,500
2,0.9,exact_nn_distance_squared,-0.03830347463645928,500
2,0.9,exact_10th_distance_squared,0.040784671374043686,500
2,0.9,nn_margin_squared,0.07490112651582928,500
2,0.9,normalized_nn_margin_by_10th,0.07241992977824488,500
2,0.9,query_l2_norm,-0.047918111994598854,500
3,0,distance_to_generating_center,-0.024340001779654123,500
3,0,distance_to_nearest_center,-0.024340001779654123,500
3,0,distance_to_second_center,-0.024340001779654123,500
3,0,cluster_center_margin,,500
3,0,normalized_cluster_center_margin,,500
3,0,exact_nn_distance_squared,-0.018848386062272116,500
3,0,exact_10th_distance_squared,-0.031888278682847604,500
3,0,nn_margin_squared,-0.03192410832159688,500
3,0,normalized_nn_margin_by_10th,-0.02977692490083946,500
3,0,query_l2_norm,-0.024340001779654123,500
3,0.1,distance_to_generating_center,-0.07315041898880416,500
3,0.1,distance_to_nearest_center,-0.06296185318091187,500
3,0.1,distance_to_second_center,-0.04183766367641618,500
3,0.1,cluster_center_margin,0.05354456434768104,500
3,0.1,normalized_cluster_center_margin,0.06268666381680067,500
3,0.1,exact_nn_distance_squared,-0.005827313905377645,500
3,0.1,exact_10th_distance_squared,-0.037762903378122895,500
3,0.1,nn_margin_squared,-0.09514175268318156,500
3,0.1,normalized_nn_margin_by_10th,-0.0848200828154203,500
3,0.1,query_l2_norm,-0.04885504291768061,500
3,0.25,distance_to_generating_center,0.03299440424668509,500
3,0.25,distance_to_nearest_center,0.03299440424668509,500
3,0.25,distance_to_second_center,0.07004518477498319,500
3,0.25,cluster_center_margin,0.022833410048263933,500
3,0.25,normalized_cluster_center_margin,0.01729641743095642,500
3,0.25,exact_nn_distance_squared,0.02391769134902742,500
3,0.25,exact_10th_distance_squared,0.04704967564707775,500
3,0.25,nn_margin_squared,0.06861999406961283,500
3,0.25,normalized_nn_margin_by_10th,0.058678474226445114,500
3,0.25,query_l2_norm,0.07132944397812227,500
3,0.5,distance_to_generating_center,-0.016903152774793772,500
3,0.5,distance_to_nearest_center,-0.016903152774793772,500
3,0.5,distance_to_second_center,0.04977900954778716,500
3,0.5,cluster_center_margin,0.06001394609032284,500
3,0.5,normalized_cluster_center_margin,0.05939364690592674,500
3,0.5,exact_nn_distance_squared,-0.021245247065566485,500
3,0.5,exact_10th_distance_squared,-0.03396138034568657,500
3,0.5,nn_margin_squared,-0.03117003401590411,500
3,0.5,normalized_nn_margin_by_10th,-0.021245247065566485,500
3,0.5,query_l2_norm,0.044506466480420295,500
3,0.75,distance_to_generating_center,,500
3,0.75,distance_to_nearest_center,,500
3,0.75,distance_to_second_center,,500
3,0.75,cluster_center_margin,,500
3,0.75,normalized_cluster_center_margin,,500
3,0.75,exact_nn_distance_squared,,500
3,0.75,exact_10th_distance_squared,,500
3,0.75,nn_margin_squared,,500
3,0.75,normalized_nn_margin_by_10th,,500
3,0.75,query_l2_norm,,500
3,0.9,distance_to_generating_center,,500
3,0.9,distance_to_nearest_center,,500
3,0.9,distance_to_second_center,,500
3,0.9,cluster_center_margin,,500
3,0.9,normalized_cluster_center_margin,,500
3,0.9,exact_nn_distance_squared,,500
3,0.9,exact_10th_distance_squared,,500
3,0.9,nn_margin_squared,,500
3,0.9,normalized_nn_margin_by_10th,,500
3,0.9,query_l2_norm,,500
