ef_search,feature,bin,count,min_x,max_x,mean_x,mean_loss,query_standard_error,mean_disagreement,harmful_fraction
64,candidate_mae,0,1000,240.37746374947685,955.3447881475225,790.6948976740782,0.11940000000000002,0.002920988218424061,0.13010000000000002,0.773
64,candidate_mae,1,1000,955.3467127618093,1084.415115765685,1026.219542877166,0.10640000000000001,0.002658214834453022,0.12169999999999999,0.746
64,candidate_mae,2,1000,1084.8603814752253,1174.0956917317708,1131.3987342685434,0.10150000000000002,0.0026219505381727976,0.1196,0.727
64,candidate_mae,3,1000,1174.1685784646738,1248.886581988512,1213.1461566612243,0.0913,0.002498109395232833,0.11669999999999998,0.676
64,candidate_mae,4,1000,1249.019199516937,1321.741170842032,1285.3448479844117,0.10080000000000001,0.002627977600031299,0.12129999999999998,0.708
64,candidate_mae,5,1000,1321.8318418985637,1391.921968978818,1356.6984928343677,0.09540000000000001,0.0027470686897830545,0.1206,0.661
64,candidate_mae,6,1000,1391.9555693401287,1467.1596870734759,1428.666613729304,0.09620000000000001,0.0027409985540078406,0.12049999999999998,0.681
64,candidate_mae,7,1000,1467.2222679093568,1552.4405570652175,1508.4136460776658,0.0952,0.0026160664754175883,0.1196,0.682
64,candidate_mae,8,1000,1552.5565265183789,1674.1068997524753,1609.2918618411304,0.0956,0.0025975733651597576,0.1198,0.687
64,candidate_mae,9,1000,1674.3442891311167,3482.8262205510123,1845.662881374904,0.0936,0.002654446474518951,0.11189999999999999,0.674
64,relative_boundary_margin,0,1000,0.0,0.0008927296100557063,0.0003816875951019882,0.1139,0.0028469097096492004,0.15080000000000002,0.752
64,relative_boundary_margin,1,1000,0.0008929491362434317,0.0020357205337404776,0.0014501984887352677,0.11860000000000002,0.0029159119572686933,0.1493,0.764
64,relative_boundary_margin,2,1000,0.0020390220176964664,0.0032952157030387234,0.0026583105414753785,0.11610000000000001,0.002859889677761884,0.14259999999999998,0.766
64,relative_boundary_margin,3,1000,0.003295726018797845,0.004851752021563342,0.004062480478258491,0.11410000000000002,0.0027052742020927394,0.1387,0.766
64,relative_boundary_margin,4,1000,0.004854144514816698,0.006826870562534134,0.0057852015668373,0.1075,0.0027388412241769787,0.1303,0.734
64,relative_boundary_margin,5,1000,0.006828722938163799,0.008994170043995579,0.007882620578666512,0.09930000000000001,0.002587702882134308,0.1209,0.715
64,relative_boundary_margin,6,1000,0.008994334277620397,0.011789999306470629,0.01034416158256218,0.09610000000000002,0.0025576026531365917,0.11189999999999997,0.703
64,relative_boundary_margin,7,1000,0.01179108095007271,0.01606691240887978,0.013777992136190619,0.0925,0.0024371478596280716,0.1069,0.699
64,relative_boundary_margin,8,1000,0.01607560405300078,0.023585779707229266,0.01940033804676542,0.0834,0.0022999412448429482,0.09319999999999999,0.658
64,relative_boundary_margin,9,1000,0.023595280943811237,0.24173529752928893,0.039009921555453006,0.0539,0.002080653531734469,0.05719999999999999,0.458
64,boundary_local_mae,0,1000,133.6013849431818,565.4559659090909,452.3321504350142,0.09630000000000001,0.002672723976293372,0.10479999999999998,0.693
64,boundary_local_mae,1,1000,565.4857954545455,686.7034801136364,629.3650428799716,0.09280000000000001,0.002568025458354094,0.1061,0.675
64,boundary_local_mae,2,1000,686.7933238636364,780.7553267045455,733.6779153941762,0.09140000000000001,0.002484393731318008,0.10829999999999998,0.687
64,boundary_local_mae,3,1000,780.796875,869.3707386363636,825.2715408824575,0.09520000000000002,0.0025580272679358806,0.111,0.693
64,boundary_local_mae,4,1000,869.4268465909091,953.9204545454545,911.0478163174716,0.09440000000000001,0.0025720138520729735,0.11529999999999999,0.689
64,boundary_local_mae,5,1000,954.0223721590909,1043.678622159091,998.7228718927557,0.09720000000000002,0.0027238905226861783,0.1191,0.685
64,boundary_local_mae,6,1000,1044.0237926136363,1145.9421164772727,1092.5152520419033,0.09920000000000001,0.002776160490149492,0.12189999999999998,0.685
64,boundary_local_mae,7,1000,1145.946377840909,1274.0955255681818,1209.1066670809657,0.10560000000000001,0.0027706165949687657,0.13129999999999997,0.713
64,boundary_local_mae,8,1000,1274.3188920454545,1462.7249644886363,1362.015045365767,0.10430000000000002,0.0026830409442848073,0.1329,0.721
64,boundary_local_mae,9,1000,1462.862215909091,3095.9186789772725,1688.1559501065342,0.11900000000000001,0.002871802090543018,0.15109999999999998,0.774
64,error_scale_over_boundary_margin,0,985,0.12673042637719567,0.8188898721764772,0.5843529899772785,0.040812182741116754,0.0017591299697262493,0.04588832487309644,0.3766497461928934
64,error_scale_over_boundary_margin,1,985,0.8190092179708477,1.2235823098121938,1.024415656862441,0.07147208121827411,0.002132667408650685,0.08548223350253806,0.601015228426396
64,error_scale_over_boundary_margin,2,985,1.2240156474577795,1.6366572659238012,1.423760749892371,0.09005076142131982,0.002352165552076714,0.10598984771573602,0.698477157360406
64,error_scale_over_boundary_margin,3,984,1.6366832386363637,2.1561314291736933,1.8851608763612562,0.09359756097560977,0.002412497955446966,0.11229674796747965,0.7073170731707317
64,error_scale_over_boundary_margin,4,985,2.1571270230716255,2.8751352106314187,2.49132582262178,0.10263959390862945,0.0025762958713342367,0.12274111675126902,0.7401015228426396
64,error_scale_over_boundary_margin,5,985,2.8753785475311493,3.901883848733234,3.3589653794485868,0.1081218274111675,0.0025846698276609697,0.12903553299492385,0.7614213197969543
64,error_scale_over_boundary_margin,6,984,3.9023222279614327,5.703559644294508,4.742413571581884,0.1155487804878049,0.002783092113341831,0.13760162601626016,0.7591463414634146
64,error_scale_over_boundary_margin,7,985,5.705638647504456,9.203257330081476,7.2645270017892765,0.12101522842639595,0.002900653899667805,0.14710659898477155,0.782741116751269
64,error_scale_over_boundary_margin,8,985,9.204557451627764,19.28129603324916,13.092302384501275,0.126497461928934,0.002978472318176768,0.15532994923857868,0.7928934010152284
64,error_scale_over_boundary_margin,9,985,19.29134706439394,1770.4098011363637,88.20236282055284,0.12791878172588833,0.0029998406789401417,0.15715736040609135,0.8060913705583757
64,error_scale_over_boundary_margin,zero_margin,152,,,,0.08486842105263157,0.006451137387933186,0.14078947368421052,0.631578947368421
64,cross_boundary_inversion_count,0,1933,0,0,0.0,0.0,0.0,0.0,0.0
64,cross_boundary_inversion_count,1,953,1,1,1.0,0.08394543546694648,0.0011898147104172946,0.1,0.8394543546694648
64,cross_boundary_inversion_count,2,1044,2,2,2.0,0.08457854406130268,0.0011182802037907867,0.1,0.8457854406130269
64,cross_boundary_inversion_count,3,893,3,3,3.0,0.0845464725643897,0.0012102612628652671,0.09999999999999999,0.845464725643897
64,cross_boundary_inversion_count,4,767,4,4,4.0,0.1016949152542373,0.0019990247392257608,0.1211212516297262,0.8552803129074316
64,cross_boundary_inversion_count,5,1265,5,6,5.465612648221344,0.11652173913043476,0.0017972296194161965,0.13905138339920947,0.8648221343873518
64,cross_boundary_inversion_count,6,881,7,8,7.465380249716231,0.13166855845629968,0.0022158002947174904,0.15788876276958003,0.8921679909194098
64,cross_boundary_inversion_count,7,1102,9,12,10.323956442831216,0.1568965517241379,0.002405825273190391,0.19128856624319418,0.8901996370235935
64,cross_boundary_inversion_count,8,1162,13,85,19.07314974182444,0.20421686746987952,0.003013263589008875,0.25309810671256455,0.9122203098106713
64,cross_boundary_inversion_fraction,0,2000,0.0,7.757951900698215e-05,2.474934199956114e-06,0.0024000000000000002,0.00034231358327511247,0.0033499999999999992,0.024
64,cross_boundary_inversion_fraction,1,998,7.776049766718506e-05,0.00016406890894175554,0.00011146661775652748,0.08056112224448897,0.0012532876753358934,0.09999999999999999,0.8056112224448898
64,cross_boundary_inversion_fraction,2,999,0.00016420361247947455,0.0002536461636017755,0.00020539649442347086,0.08348348348348349,0.001175423146342288,0.1,0.8348348348348348
64,cross_boundary_inversion_fraction,3,1003,0.0002538071065989848,0.00036845983787767134,0.00030921198900777964,0.09032901296111666,0.001366325727882446,0.10787637088733798,0.8534396809571286
64,cross_boundary_inversion_fraction,4,1000,0.00036855036855036854,0.0005071851225697379,0.0004360901763482491,0.10330000000000002,0.0018661705689975376,0.12669999999999998,0.842
64,cross_boundary_inversion_fraction,5,1000,0.0005076142131979696,0.0006734006734006734,0.0005862504361229132,0.12060000000000003,0.0020148696483146744,0.14549999999999996,0.883
64,cross_boundary_inversion_fraction,6,1000,0.0006741573033707865,0.0009244992295839754,0.0007909853008016541,0.1353,0.0022246030789466373,0.16609999999999997,0.89
64,cross_boundary_inversion_fraction,7,1000,0.0009247027741083224,0.0013651877133105802,0.0011154186105326318,0.162,0.0024904220931806324,0.19569999999999999,0.914
64,cross_boundary_inversion_fraction,8,1000,0.0013655462184873949,0.023943661971830985,0.0022711051156617313,0.215,0.0030601248935892083,0.25320000000000004,0.944
64,maximum_violation,0,1000,-7959.24609375,-564.2265625,-1393.0611782226563,0.0,0.0,0.0,0.0
64,maximum_violation,1,1000,-561.96875,28.6630859375,-231.7198447265625,0.0057,0.0007335175853706904,0.0066999999999999985,0.057
64,maximum_violation,2,1000,29.15234375,432.67578125,235.4029354248047,0.09330000000000001,0.001388177595640067,0.10679999999999999,0.874
64,maximum_violation,3,1000,433.4140625,782.90625,608.8638336181641,0.10230000000000002,0.0018461089128537674,0.1196,0.866
64,maximum_violation,4,1000,783.1796875,1108.44140625,943.3400369873046,0.11640000000000002,0.002208147620951986,0.1348,0.877
64,maximum_violation,5,1000,1108.4892578125,1449.3359375,1275.2867177734374,0.1264,0.0023555442234414934,0.14839999999999998,0.878
64,maximum_violation,6,1000,1449.375,1854.8017578125,1647.7243090820311,0.12560000000000002,0.002427041518089571,0.15189999999999998,0.867
64,maximum_violation,7,1000,1855.0859375,2353.59375,2100.114794921875,0.1335,0.002579613227676662,0.16469999999999999,0.873
64,maximum_violation,8,1000,2353.7734375,3129.296875,2700.0194248046873,0.14290000000000003,0.002904828399067323,0.1779,0.853
64,maximum_violation,9,1000,3130.26171875,10413.296875,4080.309564453125,0.14930000000000002,0.002944176995049411,0.191,0.87
64,topk_agreement,0,712,0.5,0.7,0.6862359550561798,0.2623595505617977,0.0034459350740112375,0.3137640449438202,0.9578651685393258
64,topk_agreement,1,2429,0.8,0.8,0.7999999999999999,0.16488266776451216,0.0012404322585496156,0.19999999999999993,0.9271305063812268
64,topk_agreement,2,6859,0.9,1.0,0.9281819507216796,0.059498469164601255,0.0005927749940523806,0.07181804927832044,0.5949846916460125
64,random_inversion_rate,0,725,0.001953125,0.021484375,0.01900592672413793,0.09806896551724137,0.003016843726347458,0.1155862068965517,0.713103448275862
64,random_inversion_rate,1,1042,0.0234375,0.025390625,0.024513405710172746,0.09280230326295585,0.0025103966778370936,0.11266794625719767,0.682341650671785
64,random_inversion_rate,2,718,0.02734375,0.02734375,0.02734375,0.09108635097493037,0.002931125035366464,0.11155988857938717,0.6768802228412256
64,random_inversion_rate,3,792,0.029296875,0.029296875,0.029296875,0.0946969696969697,0.002880420621876389,0.11388888888888887,0.6944444444444444
64,random_inversion_rate,4,1722,0.03125,0.033203125,0.03222542828106852,0.09570267131242742,0.002006228719910375,0.116260162601626,0.6846689895470384
64,random_inversion_rate,5,858,0.03515625,0.03515625,0.03515625,0.10011655011655013,0.002863677989344099,0.12086247086247084,0.7086247086247086
64,random_inversion_rate,6,859,0.037109375,0.037109375,0.037109375,0.10034924330616997,0.003066359770097572,0.12118742724097786,0.6856810244470314
64,random_inversion_rate,7,719,0.0390625,0.0390625,0.0390625,0.09916550764951321,0.0031675043664376296,0.12155771905424197,0.6954102920723226
64,random_inversion_rate,8,1541,0.041015625,0.044921875,0.042730471284879945,0.10317975340687865,0.002225557953892599,0.12582738481505515,0.7027903958468527
64,random_inversion_rate,9,1024,0.046875,0.09375,0.05133628845214844,0.11718750000000001,0.002817789909546163,0.13769531249999997,0.7734375
64,candidate_count,0,1000,243,697,567.343,0.1139,0.0027936704520387864,0.11629999999999999,0.77
64,candidate_count,1,997,698,854,782.6750250752257,0.10762286860581746,0.002582376200806365,0.11484453360080239,0.7622868605817452
64,candidate_count,2,994,855,948,903.9748490945674,0.1056338028169014,0.0026417575723484076,0.11519114688128773,0.7454728370221329
64,candidate_count,3,1004,949,1020,985.3107569721116,0.10806772908366534,0.0028682684538570463,0.12241035856573704,0.7300796812749004
64,candidate_count,4,1003,1021,1076,1049.926221335992,0.09890329012961119,0.0026104940785978796,0.11575274177467597,0.7048853439680958
64,candidate_count,5,990,1077,1125,1101.2424242424242,0.09626262626262626,0.0025156254481989862,0.11686868686868686,0.706060606060606
64,candidate_count,6,1005,1126,1172,1149.2467661691542,0.09671641791044776,0.0026636752399148036,0.12238805970149254,0.681592039800995
64,candidate_count,7,996,1173,1222,1197.0502008032129,0.09407630522088355,0.0026907370725182647,0.12269076305220883,0.6646586345381527
64,candidate_count,8,997,1223,1282,1249.8375125376128,0.08856569709127383,0.002579953915935804,0.12467402206619858,0.6469408224674023
64,candidate_count,9,1014,1283,1739,1352.1528599605522,0.08579881656804733,0.002708522340923174,0.1304733727810651,0.6045364891518737
128,candidate_mae,0,1000,273.73407962422976,991.3879849554953,823.3530695568644,0.127,0.002908514992132491,0.13,0.81
128,candidate_mae,1,1000,991.3884199864956,1118.4144247731854,1059.5637628820011,0.1194,0.0026211658685612615,0.12589999999999998,0.818
128,candidate_mae,2,1000,1118.583386195691,1204.5210659361217,1162.479675685612,0.11670000000000001,0.0027310380020366923,0.1239,0.788
128,candidate_mae,3,1000,1204.6330117984694,1278.1756635461218,1242.25467012731,0.10860000000000002,0.002555889780990677,0.1195,0.77
128,candidate_mae,4,1000,1278.3090141418784,1347.7983967935872,1313.4926606833603,0.11400000000000003,0.0026326661259891905,0.1235,0.775
128,candidate_mae,5,1000,1347.8380498581012,1418.2198516432975,1383.7297160912062,0.115,0.0027789787193720507,0.12359999999999997,0.767
128,candidate_mae,6,1000,1418.256928203929,1492.8969746438263,1455.244148451319,0.11120000000000002,0.0028217942027232465,0.1225,0.754
128,candidate_mae,7,1000,1492.898255164529,1577.6511677893361,1532.9577100038593,0.11280000000000001,0.0026576725199360476,0.12219999999999999,0.772
128,candidate_mae,8,1000,1577.6520343937286,1703.7334633574965,1635.489275045957,0.11230000000000001,0.00266567361389496,0.1211,0.77
128,candidate_mae,9,1000,1703.8679526593996,3551.4258291794476,1882.9534507954656,0.10480000000000002,0.002661586753056162,0.1137,0.74
128,relative_boundary_margin,0,1000,0.0,0.0008814156891992677,0.00038525781422226813,0.13510000000000003,0.002871626061352041,0.15469999999999998,0.838
128,relative_boundary_margin,1,1000,0.0008815912722464047,0.001999818198345605,0.0014226650812148918,0.13670000000000002,0.0028268535690942854,0.1488,0.86
128,relative_boundary_margin,2,1000,0.0020011825169418294,0.0032398246226671324,0.002613369470003087,0.134,0.0028411392208183097,0.1452,0.843
128,relative_boundary_margin,3,1000,0.0032405878467635404,0.004761750510187555,0.003969169762158158,0.1328,0.0027002687739281534,0.142,0.853
128,relative_boundary_margin,4,1000,0.0047621460053700795,0.006563798219584569,0.005599339055681556,0.12470000000000002,0.002699480912545447,0.133,0.823
128,relative_boundary_margin,5,1000,0.006566032627089962,0.008674388674388675,0.007599392683208711,0.1179,0.0025448115973615935,0.1253,0.818
128,relative_boundary_margin,6,1000,0.00867462480328561,0.011562533149464305,0.010052149610477701,0.10960000000000002,0.0025718581715278264,0.11579999999999999,0.777
128,relative_boundary_margin,7,1000,0.01156541688927999,0.015654631981965865,0.013435461003808985,0.10400000000000001,0.0024556119461409272,0.10899999999999999,0.765
128,relative_boundary_margin,8,1000,0.01565545991662418,0.023183317696195634,0.01895096551587096,0.0907,0.0023084277850603948,0.09459999999999998,0.707
128,relative_boundary_margin,9,1000,0.02319060250094733,0.24173529752928893,0.03857416389885063,0.056299999999999996,0.0020843835190901545,0.05749999999999999,0.48
128,boundary_local_mae,0,1000,138.90345348011363,566.1507457386364,452.8493286132813,0.1052,0.0026495244818608454,0.10769999999999999,0.749
128,boundary_local_mae,1,1000,566.28515625,688.3270596590909,629.7275298295455,0.10490000000000001,0.0025637009502987207,0.10979999999999998,0.748
128,boundary_local_mae,2,1000,688.3661221590909,781.373046875,736.2012392578125,0.10300000000000001,0.0025490189284306025,0.10889999999999998,0.749
128,boundary_local_mae,3,1000,781.5014204545455,869.3064630681819,825.691236550071,0.10670000000000002,0.0026404700494574982,0.11439999999999999,0.748
128,boundary_local_mae,4,1000,869.3707386363636,951.3927556818181,910.1314729225852,0.10830000000000001,0.002647285046631382,0.11589999999999999,0.756
128,boundary_local_mae,5,1000,951.4080255681819,1044.1526988636363,997.2790441228694,0.11210000000000002,0.002740638812594812,0.1215,0.763
128,boundary_local_mae,6,1000,1044.182528409091,1147.828125,1093.4590087890624,0.11350000000000002,0.0026786050333942337,0.12469999999999998,0.776
128,boundary_local_mae,7,1000,1147.9124644886363,1273.6171875,1209.4728797940343,0.1241,0.002813735436587297,0.1346,0.799
128,boundary_local_mae,8,1000,1274.0546875,1452.2833806818182,1358.0106865234375,0.1262,0.002702010521974491,0.13659999999999997,0.824
128,boundary_local_mae,9,1000,1452.4446022727273,3095.9186789772725,1686.5446251775568,0.1378,0.002891283368941813,0.15180000000000002,0.852
128,error_scale_over_boundary_margin,0,986,0.12673042637719567,0.8356661931818182,0.5940225141274769,0.04584178498985802,0.001811754162266016,0.04797160243407706,0.4208924949290061
128,error_scale_over_boundary_margin,1,985,0.8366493020560372,1.2605035955255681,1.0514741152945009,0.08192893401015229,0.0021781342317597433,0.08720812182741114,0.6730964467005076
128,error_scale_over_boundary_margin,2,986,1.260603313424346,1.6968790181053655,1.4709250881524079,0.10192697768762678,0.0023418432304308278,0.10760649087221094,0.7738336713995944
128,error_scale_over_boundary_margin,3,985,1.6969033887405574,2.2354487777341445,1.9533585617936442,0.10934010152284265,0.0024492014252034335,0.11583756345177665,0.7857868020304568
128,error_scale_over_boundary_margin,4,985,2.235992331017428,2.9852499043217144,2.5931879614497437,0.11949238578680205,0.002518092305331704,0.12730964467005074,0.8345177664974619
128,error_scale_over_boundary_margin,5,986,2.988244219433641,4.018124887265512,3.480114329283344,0.1259634888438134,0.0026216816229233304,0.1343813387423935,0.8407707910750507
128,error_scale_over_boundary_margin,6,985,4.020408397046502,5.82420432914167,4.868288088219785,0.12832487309644672,0.0027254776360274013,0.1379695431472081,0.8294416243654822
128,error_scale_over_boundary_margin,7,986,5.827705598550156,9.393336776859504,7.415667935766875,0.14127789046653144,0.0029110058438842107,0.1509127789046653,0.8620689655172413
128,error_scale_over_boundary_margin,8,985,9.399643945665261,19.71106497668998,13.401826290006989,0.14131979695431476,0.0028528281539338084,0.15228426395939088,0.8720812182741117
128,error_scale_over_boundary_margin,9,986,19.711688081095044,1770.4098011363637,85.09158180575265,0.14868154158215013,0.0029589445087008963,0.16085192697768763,0.8843813387423936
128,error_scale_over_boundary_margin,zero_margin,145,,,,0.09862068965517241,0.007124119015007546,0.1468965517241379,0.6896551724137931
128,cross_boundary_inversion_count,0,1847,0,0,0.0,0.0,0.0,0.0,0.0
128,cross_boundary_inversion_count,1,939,1,1,1.0,0.09403620873269437,0.0007732276111512489,0.1,0.9403620873269436
128,cross_boundary_inversion_count,2,1019,2,2,2.0,0.09548577036310109,0.0006507096733968955,0.1,0.9548577036310107
128,cross_boundary_inversion_count,3,897,3,3,3.0,0.09264214046822741,0.0008722199818566167,0.09999999999999999,0.9264214046822743
128,cross_boundary_inversion_count,4,756,4,4,4.0,0.11441798941798942,0.0017524161589557528,0.12195767195767195,0.9457671957671958
128,cross_boundary_inversion_count,5,1249,5,6,5.4651721377101685,0.1288230584467574,0.0015943695663057221,0.13923138510808644,0.9439551641313051
128,cross_boundary_inversion_count,6,1256,7,9,7.8710191082802545,0.1535828025477707,0.00169783944597592,0.16433121019108277,0.9617834394904459
128,cross_boundary_inversion_count,7,946,10,13,11.276955602536997,0.18625792811839328,0.0022188688410765952,0.19936575052854122,0.96723044397463
128,cross_boundary_inversion_count,8,1091,14,86,20.234647112740603,0.23519706691109077,0.002730849782853591,0.25600366636113653,0.9715857011915674
128,cross_boundary_inversion_fraction,0,2000,0.0,4.528985507246377e-05,3.275056038033902e-06,0.0066500000000000005,0.0005572647683202353,0.007649999999999999,0.0665
128,cross_boundary_inversion_fraction,1,999,4.5310376076121435e-05,9.46969696969697e-05,6.668819341658857e-05,0.0940940940940941,0.0007462067508749025,0.1,0.9409409409409409
128,cross_boundary_inversion_fraction,2,1001,9.474182851729038e-05,0.0001483679525222552,0.00012098312374826182,0.09290709290709291,0.000811776680043285,0.09999999999999999,0.929070929070929
128,cross_boundary_inversion_fraction,3,1000,0.00014844136566056408,0.00021401819154628142,0.00017934655360317002,0.10270000000000001,0.001234598815095104,0.1108,0.937
128,cross_boundary_inversion_fraction,4,1000,0.0002143163309044149,0.00029394473838918284,0.0002528041059593847,0.11940000000000002,0.001639001624869947,0.12969999999999998,0.944
128,cross_boundary_inversion_fraction,5,999,0.0002941176470588235,0.0003885381253035454,0.0003384606549383543,0.13893893893893894,0.0018180165614095818,0.14874874874874872,0.958958958958959
128,cross_boundary_inversion_fraction,6,1001,0.00038872691933916425,0.0005393743257820927,0.0004584290025939783,0.15764235764235765,0.0020000089820067955,0.169030969030969,0.9630369630369631
128,cross_boundary_inversion_fraction,7,1000,0.0005394470667565745,0.0007881316643486324,0.0006498799471978411,0.1845,0.0022527371850317615,0.2004,0.97
128,cross_boundary_inversion_fraction,8,1000,0.0007881773399014779,0.015178571428571428,0.001327102799830559,0.2383,0.0027259017848302127,0.25189999999999996,0.988
128,maximum_violation,0,1000,-7959.24609375,-521.275390625,-1346.5622299804688,0.0,0.0,0.0,0.0
128,maximum_violation,1,1000,-521.015625,64.328125,-193.9100224609375,0.014500000000000002,0.0011318264138245897,0.015499999999999996,0.143
128,maximum_violation,2,1000,64.708984375,464.265625,275.1569442138672,0.10350000000000001,0.0011130988226518744,0.1077,0.961
128,maximum_violation,3,1000,464.806640625,812.5283203125,646.185269165039,0.11350000000000003,0.0017001884132767876,0.1207,0.944
128,maximum_violation,4,1000,813.009765625,1136.62890625,975.7576668701172,0.13090000000000004,0.0021117882587157384,0.1382,0.957
128,maximum_violation,5,1000,1136.98828125,1488.9140625,1306.2123349609376,0.1405,0.0022482893062959683,0.1501,0.95
128,maximum_violation,6,1000,1489.09375,1908.171875,1687.7611430664062,0.14600000000000002,0.0022156057656787477,0.1561,0.963
128,maximum_violation,7,1000,1908.3125,2385.9140625,2135.358904296875,0.1521,0.0024742093104084205,0.165,0.946
128,maximum_violation,8,1000,2386.4140625,3162.0546875,2735.4326708984377,0.16290000000000004,0.002611591547392205,0.1768,0.946
128,maximum_violation,9,1000,3162.05859375,10413.296875,4100.252994140625,0.17790000000000003,0.0027873570563096794,0.1958,0.954
128,topk_agreement,0,747,0.5,0.7,0.6870147255689425,0.29464524765729583,0.0022727910572888665,0.3129852744310575,0.9946452476572959
128,topk_agreement,1,2515,0.8,0.8,0.7999999999999998,0.18516898608349897,0.0008205218562527019,0.19999999999999996,0.9785288270377733
128,topk_agreement,2,6738,0.9,1.0,0.9274116948649453,0.06767586821015138,0.0005698323208046898,0.0725883051350549,0.6767586821015138
128,random_inversion_rate,0,709,0.005859375,0.021484375,0.019145583568406205,0.1008462623413258,0.0030466990003909507,0.1071932299012694,0.7249647390691114
128,random_inversion_rate,1,972,0.0234375,0.025390625,0.024548691486625515,0.11080246913580247,0.0027149070140169364,0.11769547325102879,0.7623456790123457
128,random_inversion_rate,2,655,0.02734375,0.02734375,0.02734375,0.1117557251908397,0.0032265071415472045,0.12076335877862593,0.783206106870229
128,random_inversion_rate,3,838,0.029296875,0.029296875,0.029296875,0.10525059665871123,0.002773877907038498,0.11205250596658708,0.7577565632458234
128,random_inversion_rate,4,1793,0.03125,0.033203125,0.0322641435443391,0.11332961517010598,0.001979603649172827,0.12275515895147796,0.7830451756832125
128,random_inversion_rate,5,844,0.03515625,0.03515625,0.03515625,0.11267772511848342,0.0028733917295251537,0.12132701421800945,0.7760663507109005
128,random_inversion_rate,6,830,0.037109375,0.037109375,0.037109375,0.11843373493975903,0.0030895773002607434,0.12746987951807226,0.7807228915662651
128,random_inversion_rate,7,1337,0.0390625,0.041015625,0.039985742333582645,0.1161555721765146,0.0023626603264157034,0.12415856394913985,0.7786088257292446
128,random_inversion_rate,8,940,0.04296875,0.044921875,0.04385596742021276,0.1198936170212766,0.0028950770613729512,0.12999999999999998,0.7872340425531915
128,random_inversion_rate,9,1082,0.046875,0.080078125,0.051391375924214416,0.12624768946395565,0.002797643638709591,0.13493530499075784,0.8068391866913124
128,candidate_count,0,999,464,1214,974.1511511511511,0.11771771771771773,0.0028249462649674343,0.1185185185185185,0.7867867867867868
128,candidate_count,1,1001,1215,1507,1369.6713286713286,0.1126873126873127,0.0026611631553761592,0.11528471528471526,0.7792207792207793
128,candidate_count,2,994,1508,1689,1604.2082494969818,0.11629778672032194,0.0026470303313878667,0.11961770623742453,0.7917505030181087
128,candidate_count,3,1006,1690,1833,1764.5785288270379,0.11699801192842944,0.0027667490750202047,0.12206759443339958,0.7813121272365805
128,candidate_count,4,994,1834,1945,1889.917505030181,0.11358148893360163,0.002698332273699936,0.11861167002012071,0.7847082494969819
128,candidate_count,5,995,1946,2035,1990.5185929648242,0.1128643216080402,0.0026404199517556597,0.12100502512562812,0.7829145728643216
128,candidate_count,6,1011,2036,2124,2080.786350148368,0.11186943620178043,0.002658637586530376,0.12017804154302668,0.7675568743818002
128,candidate_count,7,998,2125,2209,2167.3216432865734,0.11292585170340683,0.0027203332842935185,0.12595190380761523,0.7655310621242485
128,candidate_count,8,999,2210,2314,2258.09009009009,0.11321321321321322,0.0027254090138464112,0.1285285285285285,0.7607607607607607
128,candidate_count,9,1003,2315,2795,2417.15852442672,0.11365902293120637,0.002757680501488621,0.13609172482552342,0.7637088733798604
