model,group,count,signed_mean,mae,std,variance,abs_p50,abs_p90,abs_p95,distance_min,distance_max,distance_mean
R0-I1,rank_1,10000,311.8476828186035,872.4190441467285,1094.8871250715072,1198777.8166473503,688.269775390625,1862.7226562500002,2319.3312499999997,,,
R0-I1,rank_2,10000,303.5787958679199,919.6355233215332,1169.8055718516277,1368445.075935114,717.6484375,1986.8929687500004,2469.483593749998,,,
R0-I1,rank_3,10000,287.16590372924804,941.2419793640137,1200.5560457668794,1441334.8190274052,739.375,2019.809765625,2499.7281249999983,,,
R0-I1,rank_4,10000,262.2550938415527,954.2753641052246,1226.2583689390597,1503709.587393083,754.3203125,2030.4089843750003,2560.5894531249987,,,
R0-I1,rank_5,10000,265.77137595825195,953.1574368347168,1219.8327940914119,1487992.0455408609,754.02734375,2017.8056640625002,2509.2564453124983,,,
R0-I1,rank_6,10000,263.641416796875,982.8265580078125,1256.9290906211013,1579870.738849589,776.595703125,2098.4085937500004,2558.497265624999,,,
R0-I1,rank_7,10000,242.34305169677734,976.0101073120118,1246.7237303193674,1554320.0597414388,780.255859375,2055.4453125,2527.3783203125,,,
R0-I1,rank_8,10000,256.81745972900393,984.9793285278321,1266.0407860634477,1602859.271976153,769.279296875,2125.4921875,2635.5341796875,,,
R0-I1,rank_9,10000,231.8316193725586,995.1866546264648,1285.0591544640658,1651377.0304719,774.5703125,2107.72578125,2656.1302734375,,,
R0-I1,rank_10,10000,236.1647309692383,992.046156262207,1283.55953064892,1647525.0687196755,783.0078125,2128.2234375000003,2665.0869140624986,,,
R0-I1,rank_11,10000,227.69050036621093,1015.0736009033203,1305.7146974182283,1704890.8710539753,809.1044921875,2178.891015625,2703.893945312499,,,
R0-I1,rank_12,10000,235.88240969238282,987.5774670166015,1267.728823251255,1607136.3693020118,784.8701171875,2117.0730468750003,2609.830859374998,,,
R0-I1,rank_13,10000,231.83266470947265,1001.6825088989258,1293.26331816537,1672530.010112103,790.51953125,2132.913671875,2633.6759765624984,,,
R0-I1,rank_14,10000,237.8950057861328,1009.2426017578125,1303.1237549681423,1698131.520762271,798.72265625,2163.1546875,2649.8072265624983,,,
R0-I1,rank_15,10000,212.46522357177736,1006.2621544311523,1299.901164931777,1689743.038590991,784.458984375,2188.042578125,2691.0515624999994,,,
R0-I1,rank_16,10000,222.21823182373046,1021.017274597168,1308.9983160429795,1713476.591403356,819.966796875,2173.675390625,2668.8054687499994,,,
R0-I1,rank_17,10000,236.00236955566407,1021.0435490966797,1309.44330400008,1714641.7663906459,809.4921875,2195.7664062500003,2689.969140624999,,,
R0-I1,rank_18,10000,228.71434669189452,1007.2082410766601,1296.4320922667923,1680736.1698592526,791.52734375,2157.5148437500015,2640.2949218749995,,,
R0-I1,rank_19,10000,214.20610811767577,1015.6802024536133,1308.4080485856425,1711931.621603689,802.1796875,2165.3718750000003,2661.4164062499985,,,
R0-I1,rank_20,10000,222.48024729003907,1023.2852911376954,1313.841473187237,1726179.4166668088,811.353515625,2167.8828125,2658.988671874999,,,
R0-I1,rank_21,10000,207.08381447753905,1019.0658340576172,1315.3294889759466,1730091.6645697246,816.40625,2190.15,2720.2083984374976,,,
R0-I1,rank_22,10000,211.71718979492186,1036.6435178710938,1336.386971460513,1785930.1374894017,819.6103515625,2216.6140625000003,2728.2322265624994,,,
R0-I1,rank_23,10000,225.29208592529298,1042.3143656616212,1342.8449693748719,1803232.6117754008,831.5625,2230.58046875,2728.496874999998,,,
R0-I1,rank_24,10000,229.58161245117188,1040.5472064697265,1330.0509148314945,1769035.4360440955,831.76171875,2198.6863281250003,2700.6937499999967,,,
R0-I1,rank_25,10000,227.97893677978516,1026.6100514770508,1328.3406981106752,1764489.010257156,799.5390625,2203.1669921875005,2725.3164062499995,,,
R0-I1,rank_26,10000,207.18440646972655,1039.9858295166016,1342.7388031881521,1802947.493587151,830.5302734375,2230.725,2769.1468749999995,,,
R0-I1,rank_27,10000,212.4094598022461,1031.2524537963868,1333.228869420781,1777499.2182570137,811.8515625,2187.6070312500005,2689.973632812499,,,
R0-I1,rank_28,10000,201.0338349243164,1036.5869700317382,1338.2747870431244,1790979.4056353203,822.2890625,2217.773046875,2712.4039062499996,,,
R0-I1,rank_29,10000,219.58762834472657,1036.5415318847656,1335.6046402753277,1783839.7551249873,824.2841796875,2216.368359375,2717.8570312499987,,,
R0-I1,rank_30,10000,200.73591834716797,1040.5850541870118,1349.1550784801852,1820219.4257888747,816.61328125,2219.283203125001,2721.507421874995,,,
R0-I1,rank31_40,100000,212.65555923339844,1050.5075273242187,1356.626112505567,1840434.4091319677,830.6298828125,2240.9582031250006,2776.0804687499995,,,
R0-I1,rank41_100,600000,180.55197319335937,1086.9847684224446,1406.6355213138863,1978623.4898219886,864.150390625,2310.59453125,2855.46875,,,
R0-I1,rank101plus,9353047,108.27841312987215,1354.0328234155136,1766.6486760556481,3121047.544609174,1079.6875,2861.854687500003,3537.875,,,
R0-I1,rank1_5,50000,286.12377044311523,928.1458695544434,1183.4027853482567,1400442.152370012,729.20703125,1985.8076171874993,2476.250488281249,,,
R0-I1,rank6_10,50000,246.1596557128906,986.2097609472656,1267.8084341199199,1607338.2256256032,777.0947265625,2099.92265625,2607.3681640624995,,,
R0-I1,rank1_10,100000,266.1417130780029,957.1778152508545,1226.4947907000462,1504289.4716143503,754.099609375,2045.46875,2538.0960937499995,,,
R0-I1,rank11_20,100000,226.93871076049805,1010.8072891369629,1300.773653887652,1692012.0986482333,800.193359375,2163.5167968750006,2661.640625,,,
R0-I1,rank21plus,10153047,114.62134232232312,1332.1198630207684,1740.180791065286,3028229.1855926043,1059.28125,2820.609375,3490.6875,,,
R0-I1,pooled_distance_quantile_1,1035268,81.70985167187828,823.772751458908,1065.8877548396242,1136116.7059170548,660.45703125,1745.515625,2141.7369140624996,433.0,49672.0,37625.55852301047
R0-I1,pooled_distance_quantile_2,1035290,88.8526465222003,1025.5783848947215,1307.3631858340523,1709198.4996741628,845.203125,2131.328125,2586.21484375,49673.0,61402.0,55946.7919037178
R0-I1,pooled_distance_quantile_3,1035331,99.43967922079388,1126.8811986328226,1436.3546198043057,2063114.5938331718,928.54296875,2341.61328125,2837.12890625,61403.0,70165.0,65925.25303308797
R0-I1,pooled_distance_quantile_4,1035212,112.23358630285391,1209.2997902694085,1539.8007678722502,2370986.4047399713,997.12109375,2513.734375,3046.59375,70166.0,77806.0,74045.2269332272
R0-I1,pooled_distance_quantile_5,1035391,120.8569575067233,1285.9904389719982,1637.2268194608528,2680511.6583619,1061.453125,2670.109375,3238.48046875,77807.0,85049.0,81439.4697974002
R0-I1,pooled_distance_quantile_6,1035306,134.02512398055504,1358.655260460132,1729.406635216282,2990847.309930102,1120.87890625,2821.65234375,3420.044921875,85050.0,92403.0,88696.07551100834
R0-I1,pooled_distance_quantile_7,1035278,139.75209196527408,1431.9407054946835,1823.2613074322696,3324281.795179629,1181.26953125,2974.8515625,3607.1664062499985,92404.0,100401.0,96316.9905841716
R0-I1,pooled_distance_quantile_8,1035250,149.40046213173147,1518.3971993932626,1933.6822198613168,3739126.9274077895,1252.9765625,3151.80546875,3821.641406249999,100402.0,109950.0,104982.62373629559
R0-I1,pooled_distance_quantile_9,1035382,150.23787069802498,1625.305160098821,2074.784283424068,4304729.822743522,1338.6875,3374.2789062500005,4096.054296875,109951.0,123642.0,116224.07811223298
R0-I1,pooled_distance_quantile_10,1035339,95.18778521002541,1848.075648931473,2384.2056448866765,5684436.557109493,1511.328125,3837.0625,4673.4859375,123643.0,365484.0,139658.15859346552
R1-I1,rank_1,10000,570.7052796875,1037.6014607421876,1165.6528846250155,1358746.6474346197,881.107421875,2116.83828125,2534.8443359374996,,,
R1-I1,rank_2,10000,507.8108043823242,1038.309753503418,1209.3475384715873,1462521.4688072875,880.05859375,2135.23583984375,2564.5039062499977,,,
R1-I1,rank_3,10000,479.51479111328126,1047.8750497070312,1234.0952831619534,1522991.1679225818,878.205078125,2157.5144531250003,2589.465527343748,,,
R1-I1,rank_4,10000,440.9892568969727,1045.7734842407226,1249.6924291016553,1561731.1673539958,875.18359375,2149.174609375,2619.8111328124996,,,
R1-I1,rank_5,10000,460.8125191772461,1075.2610485717773,1280.4037979663053,1639433.885846539,896.5654296875,2204.2156250000003,2697.79912109375,,,
R1-I1,rank_6,10000,440.01013422851565,1055.3833213378907,1269.5618448531748,1611787.2779069967,873.330078125,2174.21953125,2657.5830078124995,,,
R1-I1,rank_7,10000,426.5475040283203,1064.8009419189452,1281.361334408336,1641886.8693167113,881.288818359375,2226.2214843750007,2683.6077148437494,,,
R1-I1,rank_8,10000,408.7986946777344,1084.178428076172,1312.2222460257851,1721927.2229649562,903.0546875,2231.0632812500003,2729.6751953124995,,,
R1-I1,rank_9,10000,434.95851417236327,1094.7838783325196,1319.227977804161,1740362.4574212555,904.681640625,2258.234375,2727.8896484375,,,
R1-I1,rank_10,10000,391.96838227539064,1087.0563612792969,1317.4613142627052,1735704.3145788144,912.84765625,2231.6232421875006,2733.7259765624995,,,
R1-I1,rank_11,10000,384.51609031982423,1094.762301159668,1342.3042140208747,1801780.6029781983,904.05859375,2296.9097656250005,2789.1529296874996,,,
R1-I1,rank_12,10000,383.97392164306643,1098.9810690063478,1336.4824892737056,1786185.4441352405,926.5390625,2261.7423828125,2753.578710937498,,,
R1-I1,rank_13,10000,387.02695439453123,1104.2708534179687,1341.572870829925,1799817.7677468467,917.37158203125,2299.4042968750005,2756.724999999998,,,
R1-I1,rank_14,10000,367.8122486328125,1110.5250133789064,1367.7383244247358,1870708.1241001838,917.130859375,2295.71962890625,2804.4599609374986,,,
R1-I1,rank_15,10000,369.8812948364258,1105.6346977661133,1355.360205870247,1837001.2876566383,930.9375,2287.691015625,2786.344921874998,,,
R1-I1,rank_16,10000,377.70728537597654,1114.168073461914,1364.1466086355217,1860895.9698517951,920.33203125,2302.81484375,2831.6115234374997,,,
R1-I1,rank_17,10000,382.7457442871094,1117.3361562988282,1364.5575695001269,1862017.3604800934,925.7734375,2298.44921875,2787.1490234374996,,,
R1-I1,rank_18,10000,373.0732051025391,1115.248314379883,1364.7803641790479,1862625.4424486947,915.669921875,2303.544140625,2790.773828125,,,
R1-I1,rank_19,10000,363.96025888671875,1121.6157094726564,1376.2161418250337,1893970.8690197815,926.607421875,2309.4488281250005,2802.531249999999,,,
R1-I1,rank_20,10000,339.314690625,1107.9912748046875,1368.190048916657,1871944.0099545638,914.0992431640625,2301.882421875,2745.001953125,,,
R1-I1,rank_21,10000,357.07619093017576,1130.484102746582,1390.6070868762567,1933788.0700704688,936.958984375,2363.8835937500007,2842.573046875,,,
R1-I1,rank_22,10000,330.19697911376954,1128.2240001098633,1385.7321305302858,1920253.5375840047,941.60546875,2347.666015625,2786.8679687499985,,,
R1-I1,rank_23,10000,349.2070504150391,1118.271646118164,1388.4242452556023,1927721.884813589,925.96484375,2315.298046875,2845.4044921874993,,,
R1-I1,rank_24,10000,333.3986107788086,1113.7629932006837,1381.0246368860094,1907229.0476861342,927.37109375,2316.4832031250003,2801.2998046875,,,
R1-I1,rank_25,10000,345.1982601928711,1100.1680010131836,1359.2382794749628,1847528.700390057,901.67578125,2302.4042968750005,2768.065039062499,,,
R1-I1,rank_26,10000,353.99501677246093,1113.5723478271484,1376.2544813619706,1894076.397468907,919.421875,2309.7953125000004,2856.8951171875,,,
R1-I1,rank_27,10000,327.7051210449219,1116.549301123047,1389.823762970308,1931610.0921169473,915.4560546875,2320.4632812500004,2825.6501953125,,,
R1-I1,rank_28,10000,357.1588689941406,1113.1864200683594,1371.205974911571,1880205.8256331917,919.279296875,2313.3699218750007,2837.9130859374986,,,
R1-I1,rank_29,10000,352.0732480712891,1118.1391138427734,1383.4872850698673,1914037.0679499924,915.7109375,2341.5105468750003,2836.0972656249983,,,
R1-I1,rank_30,10000,333.8651748046875,1128.2064389648438,1395.269799067711,1946777.8121904503,942.0927734375,2326.5966796875,2830.1839843749995,,,
R1-I1,rank31_40,100000,328.1869392797852,1132.0021100366212,1404.6117057468364,1972934.0439210373,933.654296875,2350.0179687500004,2857.5365234374976,,,
R1-I1,rank41_100,600000,277.84179129964195,1165.7259282869466,1462.1399599230908,2137853.2624038975,958.703125,2424.6437499999993,2952.039843749999,,,
R1-I1,rank101plus,9353047,-56.51957920278359,1418.1985790309843,1836.9290007059071,3374308.1536344024,1145.8984375,2970.557812500003,3657.0703125,,,
R1-I1,rank1_5,50000,491.96653025146486,1048.9641593530273,1229.2761666657939,1511119.8939325488,882.5439453125,2150.9561523437496,2602.744531249999,,,
R1-I1,rank6_10,50000,420.45664587646485,1077.240586188965,1300.2496200977503,1690649.0745643438,894.228515625,2225.9515625,2705.3517578124993,,,
R1-I1,rank1_10,100000,456.2115880639648,1063.102372770996,1265.7657366745545,1602162.900139278,888.619873046875,2189.5125000000003,2656.673437499996,,,
R1-I1,rank11_20,100000,373.0011694104004,1109.0533463146974,1358.2623782097467,1844876.6880599966,919.533203125,2296.5579101562507,2780.715234374999,,,
R1-I1,rank21plus,10153047,-29.026534279306706,1397.5035648545688,1811.603463983845,3281907.110718266,1128.4375,2927.828125,3606.5625,,,
R1-I1,pooled_distance_quantile_1,1035268,482.4252258699795,944.7788940860537,1083.2500321691548,1173430.6321944748,799.33984375,1939.6710937500002,2322.1080078124996,433.0,49672.0,37625.55852301047
R1-I1,pooled_distance_quantile_2,1035290,297.76098706340736,1076.5595381940084,1322.0511134506385,1747819.146576073,905.2890625,2224.1929687499996,2663.2191406249995,49673.0,61402.0,55946.7919037178
R1-I1,pooled_distance_quantile_3,1035331,199.58804238239992,1169.6177469451798,1461.0121823736465,2134556.5970442053,980.5546875,2419.87890625,2901.2109375,61403.0,70165.0,65925.25303308797
R1-I1,pooled_distance_quantile_4,1035212,125.1321678932069,1248.3929174878551,1568.9656805688353,2461653.306802829,1046.22265625,2577.3414062500005,3090.705859374999,70166.0,77806.0,74045.2269332272
R1-I1,pooled_distance_quantile_5,1035391,49.28508372682397,1321.54326621839,1667.0947412028852,2779204.8761463147,1106.765625,2732.53125,3281.30078125,77807.0,85049.0,81439.4697974002
R1-I1,pooled_distance_quantile_6,1035306,-31.568090708206075,1397.483458332609,1765.4190158271,3116704.301443927,1168.953125,2890.796875,3474.087890625,85050.0,92403.0,88696.07551100834
R1-I1,pooled_distance_quantile_7,1035278,-110.27623427294408,1477.9955135540888,1866.202444145085,3482711.5625330894,1233.609375,3058.014843750001,3676.1886718749993,92404.0,100401.0,96316.9905841716
R1-I1,pooled_distance_quantile_8,1035250,-214.22043928851727,1576.8441286902319,1987.5280443432218,3950267.7270507924,1312.57421875,3266.8359375,3937.8246093749995,100402.0,109950.0,104982.62373629559
R1-I1,pooled_distance_quantile_9,1035382,-344.8851654585578,1704.7756589098879,2139.429155300417,4577157.110549455,1414.859375,3533.546875,4269.6390624999985,109951.0,123642.0,116224.07811223298
R1-I1,pooled_distance_quantile_10,1035339,-657.7492090528441,1996.8302745450403,2479.1359005117797,6146114.813206353,1633.96875,4154.409375000001,5082.75,123643.0,365484.0,139658.15859346552
R2-I1,rank_1,10000,548.1238111450195,1011.8699702270508,1147.2873379312796,1316268.235777442,860.74560546875,2068.0636718750006,2469.9248046874995,,,
R2-I1,rank_2,10000,504.16698337402346,1031.115183178711,1200.5847244465604,1441403.6805744232,857.2978515625,2116.9119140625003,2574.119140624995,,,
R2-I1,rank_3,10000,478.1594433959961,1048.2957250366212,1233.2977714990968,1521023.3931846386,883.01708984375,2165.4302734375005,2627.6091796875,,,
R2-I1,rank_4,10000,429.8894844970703,1037.7553685791015,1242.0237904917885,1542623.0961475903,863.4013671875,2160.206640625,2604.9124999999995,,,
R2-I1,rank_5,10000,456.47149191894533,1065.9186455322265,1280.2250427827819,1638976.1601681758,876.615234375,2199.6199218750003,2682.6312499999985,,,
R2-I1,rank_6,10000,423.4535840209961,1060.8862646850587,1271.468386126703,1616631.856919643,887.736328125,2160.2800781250003,2609.530078124999,,,
R2-I1,rank_7,10000,425.2570296508789,1071.9186401000977,1292.5095114597148,1670580.8372138303,893.134765625,2213.74765625,2660.8478515624993,,,
R2-I1,rank_8,10000,404.66461783447266,1075.7152344360352,1306.1384759996313,1705997.7184866392,896.34375,2237.2289062500004,2661.4853515624986,,,
R2-I1,rank_9,10000,415.87677657470704,1078.2157579223633,1310.3225754754162,1716945.251800528,884.888671875,2239.267578125,2702.8314453124976,,,
R2-I1,rank_10,10000,410.999398828125,1098.3204361328126,1331.6518818533343,1773296.7344435265,914.9306640625,2273.7166015625003,2736.339648437497,,,
R2-I1,rank_11,10000,392.8258506835937,1104.2251380859375,1345.343463558028,1809949.034938311,919.8818359375,2293.1867187500006,2803.9425781249993,,,
R2-I1,rank_12,10000,410.25510510253906,1102.907964477539,1338.4204527528586,1791369.3083471672,917.451171875,2292.5515625000003,2748.4683593749996,,,
R2-I1,rank_13,10000,386.9091610107422,1088.533379663086,1330.85612345153,1771178.0213284343,897.9375,2276.56953125,2747.668164062499,,,
R2-I1,rank_14,10000,392.0116046386719,1092.2753263183595,1337.9889211978123,1790214.3532480854,902.29296875,2268.440625,2788.9279296874997,,,
R2-I1,rank_15,10000,392.83224635009765,1098.8447429321288,1340.156427665815,1796019.250613999,923.26513671875,2281.4703125,2755.9390624999983,,,
R2-I1,rank_16,10000,371.05035233154297,1103.2338358276368,1354.7827171007402,1835436.210554864,903.3115234375,2313.887890625,2778.6492187499994,,,
R2-I1,rank_17,10000,389.3323515136719,1104.1623728027344,1342.6431483769068,1802690.6238834525,925.794921875,2280.2156250000007,2761.304296874999,,,
R2-I1,rank_18,10000,362.43378854980466,1110.3080881591798,1363.0263577821668,1857840.8520089192,914.958984375,2310.37734375,2776.38671875,,,
R2-I1,rank_19,10000,359.84613760986326,1114.5810210083007,1370.9614786909196,1879535.376054393,925.623046875,2289.3816406250007,2825.7624999999975,,,
R2-I1,rank_20,10000,361.8848525024414,1106.7081326782227,1356.6721296146798,1840559.2672732305,916.638671875,2292.3310546875,2781.2662109374955,,,
R2-I1,rank_21,10000,347.21075736083986,1102.246969567871,1361.8884367413152,1854740.1141297035,909.91015625,2296.1250000000005,2801.148437499998,,,
R2-I1,rank_22,10000,356.2299404296875,1134.935102734375,1390.2896474869333,1932905.303909341,949.798828125,2338.2289062500004,2834.523437499999,,,
R2-I1,rank_23,10000,352.37579807128907,1120.1918708251953,1380.0313398114606,1904486.4988618153,937.060546875,2316.5255859375,2811.355664062499,,,
R2-I1,rank_24,10000,336.8811060424805,1116.7545034057616,1382.8595408958975,1912300.509846812,928.67578125,2320.6281250000006,2852.6376953124995,,,
R2-I1,rank_25,10000,357.87912087402344,1103.6303451904296,1363.6412709319875,1859517.5157890064,912.359375,2283.5478515625,2810.4071289062495,,,
R2-I1,rank_26,10000,322.59541401367187,1113.3333167480469,1375.7398930822671,1892660.253418008,930.2861328125,2286.065625,2791.0521484375,,,
R2-I1,rank_27,10000,336.67282685546877,1138.3585606445313,1409.931908349385,1987907.9861817383,947.49609375,2354.9875,2843.803515624999,,,
R2-I1,rank_28,10000,352.33447368164065,1133.880265966797,1399.6964332785549,1959150.105332708,937.650390625,2347.4859375,2865.5974609374953,,,
R2-I1,rank_29,10000,334.2962987792969,1119.5909931152344,1386.3875691249682,1922070.4918242386,928.453125,2312.957421875,2815.0796874999996,,,
R2-I1,rank_30,10000,339.9459074707031,1131.5045343261718,1394.4666681140934,1944537.288481221,931.7578125,2345.7414062500006,2837.4521484374995,,,
R2-I1,rank31_40,100000,322.6131216040039,1128.6647860571288,1401.523760957558,1964268.8525286182,933.9296875,2341.346484375001,2844.2296874999975,,,
R2-I1,rank41_100,600000,278.3773645072428,1164.5011348409016,1461.9237863618878,2137221.1571306786,957.21875,2427.28203125,2953.566992187499,,,
R2-I1,rank101plus,9353047,-62.47297961322019,1417.705173416499,1838.531630761035,3380198.557308831,1143.578125,2972.5390625,3662.703125,,,
R2-I1,rank1_5,50000,483.3622428662109,1038.9909785107423,1222.1727358521982,1493706.1962604474,868.529296875,2144.46328125,2587.968359374999,,,
R2-I1,rank6_10,50000,416.05028138183593,1077.0112666552734,1302.5933476584876,1696749.4293641455,896.650390625,2222.9160156249995,2676.8957031249997,,,
R2-I1,rank1_10,100000,449.70626212402345,1058.0011225830078,1263.471621308534,1596360.537852015,882.150390625,2183.7541015625015,2634.5173828125,,,
R2-I1,rank11_20,100000,381.9381450292969,1102.5780001953126,1348.235935851699,1817740.1387219068,913.9296875,2290.67265625,2777.4740234374985,,,
R2-I1,rank21plus,10153047,-34.53749078990308,1396.9771383155387,1813.1625711011643,3287558.509242185,1126.09375,2929.7359375000015,3612.21875,,,
R2-I1,pooled_distance_quantile_1,1035268,475.5306884290205,940.757756831953,1082.4383726680157,1171672.8306241822,794.455078125,1932.47265625,2318.0128906249993,433.0,49672.0,37625.55852301047
R2-I1,pooled_distance_quantile_2,1035290,287.5203447863944,1073.595868741337,1322.3064878637254,1748494.4478465004,900.505859375,2218.805078125,2663.3927734374997,49673.0,61402.0,55946.7919037178
R2-I1,pooled_distance_quantile_3,1035331,195.10693455915307,1165.6403667945324,1457.1838482396831,2123384.767570612,977.2421875,2412.33984375,2895.47265625,61403.0,70165.0,65925.25303308797
R2-I1,pooled_distance_quantile_4,1035212,116.56365906965192,1245.3290216385026,1567.4007408342338,2456745.082367705,1042.8203125,2576.3515625,3088.721484374999,70166.0,77806.0,74045.2269332272
R2-I1,pooled_distance_quantile_5,1035391,43.764473713915805,1320.4681060856478,1667.6099170658106,2780922.83549624,1104.7734375,2728.578125,3283.3046875,77807.0,85049.0,81439.4697974002
R2-I1,pooled_distance_quantile_6,1035306,-32.11800608346711,1396.9828068645888,1766.6057628831204,3120895.921451852,1166.0234375,2893.04296875,3477.693359375,85050.0,92403.0,88696.07551100834
R2-I1,pooled_distance_quantile_7,1035278,-119.66339447290969,1480.0914041928834,1869.8171553807454,3496216.1945561427,1234.6328125,3065.4632812500004,3689.1875,92404.0,100401.0,96316.9905841716
R2-I1,pooled_distance_quantile_8,1035250,-216.32655943612653,1577.4031542501812,1990.5859272349733,3962432.333705918,1311.78125,3266.4781249999996,3940.727343749999,100402.0,109950.0,104982.62373629559
R2-I1,pooled_distance_quantile_9,1035382,-350.20917936266517,1708.0035770765041,2144.19952940588,4597591.621904397,1418.4375,3536.66328125,4279.3421874999985,109951.0,123642.0,116224.07811223298
R2-I1,pooled_distance_quantile_10,1035339,-658.4871933024473,2000.2680425731935,2485.1960258050485,6176199.286677208,1636.046875,4161.71875,5088.503124999999,123643.0,365484.0,139658.15859346552
R3-I1,rank_1,10000,531.3777861450195,993.538580871582,1120.7016562964668,1255972.202425644,853.39013671875,2021.7824218750002,2415.2481445312496,,,
R3-I1,rank_2,10000,507.4083413208008,1029.9977073364257,1200.004461225723,1440010.7069616378,865.6015625,2120.6546875,2573.1792968749996,,,
R3-I1,rank_3,10000,482.57814332275393,1032.04640201416,1213.510902813261,1472608.7112466558,876.50390625,2115.8064453125,2565.2906249999996,,,
R3-I1,rank_4,10000,435.7304739501953,1037.219282055664,1240.5231131773112,1538897.5943271283,858.2705078125,2150.51328125,2589.222363281249,,,
R3-I1,rank_5,10000,439.49952087402346,1057.6341083740235,1260.4106797526972,1588635.0816346563,887.7109375,2167.0734375000006,2607.601367187498,,,
R3-I1,rank_6,10000,427.83460013427737,1076.4615365600587,1297.214295143981,1682764.9275258954,890.11328125,2220.3515625,2690.2115234374983,,,
R3-I1,rank_7,10000,411.24431323242186,1066.9860744628907,1291.4252470118727,1667779.1686196765,884.71484375,2210.2578125000005,2672.903125,,,
R3-I1,rank_8,10000,417.7145274169922,1078.8374916748046,1307.032482296626,1708333.9097784802,894.7939453125,2253.1996093750004,2734.3630859375,,,
R3-I1,rank_9,10000,371.2606897216797,1077.2678190185547,1318.6407301999507,1738813.375342259,876.3310546875,2246.9281250000013,2734.188671874999,,,
R3-I1,rank_10,10000,399.0084137207031,1097.1902142089843,1326.4751588200727,1759536.346966737,924.8271484375,2233.68359375,2737.558007812498,,,
R3-I1,rank_11,10000,374.9290804443359,1068.7571664794923,1303.9824056553803,1700370.114258793,887.861328125,2218.08984375,2666.010742187499,,,
R3-I1,rank_12,10000,380.20620860595704,1084.8023706176757,1330.1129180624748,1769200.3747966718,899.298828125,2256.845703125,2712.1124999999997,,,
R3-I1,rank_13,10000,378.7197812011719,1080.1354430175782,1326.850285305193,1760531.6796144717,890.216796875,2245.350781250001,2739.8832031249985,,,
R3-I1,rank_14,10000,362.87524073486327,1092.2287533325195,1344.112436604912,1806638.242235994,909.751953125,2273.928125,2756.16875,,,
R3-I1,rank_15,10000,379.18671239013673,1087.1314170776368,1331.6809090161867,1773374.043438177,891.751953125,2263.4871093750003,2748.851171874999,,,
R3-I1,rank_16,10000,356.5008598510742,1104.7457794799805,1356.8290891429194,1840985.1771444045,922.310546875,2273.1105468750006,2774.075390624999,,,
R3-I1,rank_17,10000,369.29907866210937,1101.1054693847657,1349.8074151679552,1821980.0580423966,915.7548828125,2303.5164062500003,2784.6285156249974,,,
R3-I1,rank_18,10000,376.8158355834961,1116.983239782715,1367.5887152018067,1870298.8939473282,924.001953125,2332.113671875,2801.759374999999,,,
R3-I1,rank_19,10000,358.6917092651367,1111.8591079956054,1363.6820202671506,1859628.6523998973,931.0390625,2290.392968750001,2756.689257812498,,,
R3-I1,rank_20,10000,344.3501837402344,1099.098048876953,1359.9045258883025,1849340.3195314885,903.572265625,2278.0406250000005,2791.10546875,,,
R3-I1,rank_21,10000,363.7308802368164,1103.1712220336915,1357.4687294206585,1842721.351354937,912.837890625,2293.3777343750003,2760.895117187499,,,
R3-I1,rank_22,10000,344.90980552978516,1108.0633394165038,1365.7907795761653,1865384.4535752693,918.75390625,2318.9597656250003,2759.4164062499985,,,
R3-I1,rank_23,10000,350.2113476928711,1114.9806064819336,1377.3798577570547,1897175.2725548444,919.556640625,2300.01796875,2814.3292968749975,,,
R3-I1,rank_24,10000,366.74859897460937,1118.3420355957032,1381.032008919172,1907249.409659324,924.478515625,2342.548828125,2849.6464843749995,,,
R3-I1,rank_25,10000,337.1878597167969,1118.0952786621094,1381.6350983727796,1908915.5450555603,923.283203125,2307.16796875,2802.94609375,,,
R3-I1,rank_26,10000,330.00508276367185,1126.0731876464845,1396.7788168457032,1950991.0631888825,932.25,2346.74921875,2847.5546874999995,,,
R3-I1,rank_27,10000,323.7045603515625,1125.6564817382812,1394.0317026508048,1943324.387995502,942.025390625,2323.308203125,2870.594726562499,,,
R3-I1,rank_28,10000,315.73294107666015,1106.0187526000977,1379.4498004540164,1902881.7519726257,907.984375,2269.2410156250003,2808.879492187499,,,
R3-I1,rank_29,10000,333.57794208984376,1123.88466015625,1384.175369639916,1915941.4539177981,936.6796875,2319.1898437500004,2790.365624999998,,,
R3-I1,rank_30,10000,299.8345770019531,1102.5341676269531,1378.5498187658434,1900399.6028193394,901.580078125,2286.558203125,2815.0972656249996,,,
R3-I1,rank31_40,100000,316.5816884973145,1130.1903668762207,1403.673460379286,1970299.1833731593,931.98046875,2348.1980468750007,2862.83671875,,,
R3-I1,rank41_100,600000,273.0240730578613,1161.3698163684082,1457.1880170433767,2123396.9170148084,956.908203125,2416.9265625,2936.055273437499,,,
R3-I1,rank101plus,9353047,-65.72691601765956,1413.455001123178,1832.3164939079606,3357383.7338471613,1140.3515625,2963.2734375,3648.9296875,,,
R3-I1,rank1_5,50000,479.3188531225586,1030.0872161303712,1208.5627495039387,1460623.9194885201,868.7822265625,2113.0458984375,2553.239453124998,,,
R3-I1,rank6_10,50000,405.41250884521486,1079.3486271850586,1308.3671646138162,1711824.637439597,895.279296875,2233.0253906249995,2714.2839843749994,,,
R3-I1,rank1_10,100000,442.3656809838867,1054.717921657715,1259.9959584836647,1587589.815395169,881.369140625,2175.07109375,2634.156640625,,,
R3-I1,rank11_20,100000,368.1574690478516,1094.6846796044922,1343.6393945326877,1805366.8225401673,907.369140625,2273.043750000001,2754.778515624997,,,
R3-I1,rank21plus,10153047,-37.98050831828403,1392.825245634969,1807.0772052554175,3265528.0257537304,1123.171875,2920.1796875,3598.060156249994,,,
R3-I1,pooled_distance_quantile_1,1035268,478.2339580514974,940.4767939626305,1079.627972976205,1165596.560032709,795.4970703125,1928.9125000000004,2312.26953125,433.0,49672.0,37625.55852301047
R3-I1,pooled_distance_quantile_2,1035290,291.45998542301555,1070.6959781838,1317.1066962798227,1734770.0493851493,898.177734375,2215.3917968749997,2653.6505859374997,49673.0,61402.0,55946.7919037178
R3-I1,pooled_distance_quantile_3,1035331,193.09560724118663,1162.4233773048788,1452.1195517755934,2108651.1926489505,974.765625,2404.2265625,2879.697265625,61403.0,70165.0,65925.25303308797
R3-I1,pooled_distance_quantile_4,1035212,114.21018859316376,1240.5455610292565,1560.8963974100213,2436397.563447583,1038.875,2568.2484375000004,3079.0539062499993,70166.0,77806.0,74045.2269332272
R3-I1,pooled_distance_quantile_5,1035391,40.40390834235569,1316.8922087917754,1662.2870158430776,2763198.1230404843,1102.6796875,2723.2890625,3267.95703125,77807.0,85049.0,81439.4697974002
R3-I1,pooled_distance_quantile_6,1035306,-38.59453931977599,1391.4837451439478,1759.3065554779598,3095159.5561477235,1162.015625,2881.19921875,3466.083984375,85050.0,92403.0,88696.07551100834
R3-I1,pooled_distance_quantile_7,1035278,-120.5986260378251,1473.6186353221672,1860.5363536112802,3461595.5231091585,1230.1328125,3047.5046875000007,3666.175390624998,92404.0,100401.0,96316.9905841716
R3-I1,pooled_distance_quantile_8,1035250,-221.3199121664453,1572.5400706426587,1982.6700735024795,3930980.620362327,1307.953125,3255.1875,3934.2777343749995,100402.0,109950.0,104982.62373629559
R3-I1,pooled_distance_quantile_9,1035382,-359.90925483903527,1700.3192594768163,2131.7397408483857,4544314.322712342,1409.34765625,3524.90546875,4261.429296875,109951.0,123642.0,116224.07811223298
R3-I1,pooled_distance_quantile_10,1035339,-671.1035669763116,1997.7482116440244,2479.2813640585987,6146836.082168266,1633.6875,4155.90625,5087.14140625,123643.0,365484.0,139658.15859346552
R4-I1,rank_1,10000,536.6674758666992,1004.3193672729492,1144.5413528375254,1309974.908355153,844.736328125,2050.3339843750005,2514.9167968749975,,,
R4-I1,rank_2,10000,485.70280400390624,1031.2291856445313,1217.766950360317,1482956.3453898667,860.45703125,2138.94375,2559.7376953124995,,,
R4-I1,rank_3,10000,459.56296809082033,1037.2321948486328,1229.3352424005996,1511265.138208141,868.109375,2132.80390625,2588.86552734375,,,
R4-I1,rank_4,10000,431.50009204101565,1052.2375019042968,1260.9731537640148,1590053.2945135657,877.779296875,2178.094335937501,2626.1378906249993,,,
R4-I1,rank_5,10000,413.4806094726562,1046.9565745117188,1263.9491190000808,1597567.3754210805,878.666015625,2161.941796875,2631.5890624999993,,,
R4-I1,rank_6,10000,413.0815786743164,1057.074137561035,1279.0155947632677,1635880.8916476353,875.5830078125,2183.1001953125,2636.9503906249997,,,
R4-I1,rank_7,10000,412.6141118896484,1082.3122752685547,1311.6611916123768,1720455.081582,895.4404296875,2260.3921875000005,2729.625976562498,,,
R4-I1,rank_8,10000,390.35425772705076,1078.8464503051757,1315.2938073647476,1729997.7996920536,882.3427734375,2240.3808593750005,2709.2585937499966,,,
R4-I1,rank_9,10000,404.69800002441406,1074.100350708008,1297.2275603858286,1682799.343424569,907.3115234375,2186.76015625,2672.793749999999,,,
R4-I1,rank_10,10000,381.86522868652344,1082.511001245117,1312.8817302956793,1723658.4377441765,913.625,2233.4207031250003,2686.3312499999993,,,
R4-I1,rank_11,10000,375.3083762939453,1077.6552464111328,1311.0669231588242,1718896.4770011464,906.007568359375,2210.5156250000005,2694.8453125,,,
R4-I1,rank_12,10000,381.2258459472656,1102.7967208496093,1345.6127826483366,1810673.7608265998,914.751953125,2266.1546875,2761.6048828124995,,,
R4-I1,rank_13,10000,369.24074921875,1093.420472265625,1338.2308570133303,1790861.8266626324,920.064453125,2247.026953125,2735.086914062498,,,
R4-I1,rank_14,10000,370.3103300170898,1094.479118688965,1348.4946554358576,1818437.8357390724,906.41796875,2305.7414062500006,2751.8062499999996,,,
R4-I1,rank_15,10000,367.46329033203125,1096.3681291992189,1341.7135990743236,1800195.381940975,914.90576171875,2274.9462890625,2724.98671875,,,
R4-I1,rank_16,10000,336.42107947998045,1088.5706448120118,1345.624341918203,1810704.8695627972,896.701171875,2250.4675781250007,2730.9375,,,
R4-I1,rank_17,10000,377.1785624633789,1106.859474963379,1356.4935844644187,1840074.844693127,911.517578125,2302.072265625,2814.1152343749973,,,
R4-I1,rank_18,10000,348.7470299438477,1100.0806951782226,1355.0033182542984,1836033.9924801597,915.056640625,2260.51484375,2770.4771484375,,,
R4-I1,rank_19,10000,347.1316557861328,1103.356818286133,1367.4676027278026,1869967.6445101234,907.833984375,2264.20703125,2822.2777343749985,,,
R4-I1,rank_20,10000,371.5097248291016,1122.545170239258,1370.7710840759396,1879013.3649387269,932.58984375,2304.473828125,2781.3650390624994,,,
R4-I1,rank_21,10000,346.8384016357422,1116.9420294677734,1383.2455087334029,1913368.1374311303,919.064453125,2309.2542968750004,2834.7730468749983,,,
R4-I1,rank_22,10000,313.1032616455078,1105.9908686767578,1370.5640897608976,1878445.9241421176,914.0,2276.8132812500003,2767.261718749998,,,
R4-I1,rank_23,10000,347.41769604492185,1121.0916902832032,1377.003330521914,1896138.1722684433,933.068359375,2329.692578125,2800.017578125,,,
R4-I1,rank_24,10000,334.51037189941405,1113.1043537353517,1374.9015905396434,1890354.3836684413,920.32421875,2326.1210937500005,2796.5607421874997,,,
R4-I1,rank_25,10000,362.8655956787109,1119.241066772461,1377.0040104332834,1896140.044749346,933.4501953125,2305.452734375,2812.1156249999995,,,
R4-I1,rank_26,10000,344.4962678710938,1110.7064750976563,1369.0939772474826,1874418.3185353302,928.76953125,2292.4765625000005,2786.764062499999,,,
R4-I1,rank_27,10000,321.5004007202148,1120.4278362670898,1390.744319844795,1934169.7631805611,936.8984375,2320.584765625,2819.7156249999994,,,
R4-I1,rank_28,10000,341.41033447265625,1120.6568404296875,1380.7911261011905,1906584.1339197936,939.623046875,2308.3738281250007,2758.1197265624955,,,
R4-I1,rank_29,10000,333.2170844604492,1119.8866946166993,1395.9378151844958,1948642.3838620635,916.138671875,2321.728125,2807.749414062499,,,
R4-I1,rank_30,10000,351.1487154296875,1143.1724629882813,1408.3839231238392,1983545.2749136963,941.994140625,2370.9292968750005,2864.6111328124994,,,
R4-I1,rank31_40,100000,315.1964206958008,1125.5278576586913,1403.7258678664002,1970446.3121172783,926.8408203125,2344.95625,2858.843554687498,,,
R4-I1,rank41_100,600000,270.1239782454427,1162.6497320141602,1460.6074070033783,2133373.997393132,958.015625,2419.5683593749995,2945.1423828124975,,,
R4-I1,rank101plus,9353047,-72.55235719098454,1417.0983674803508,1838.6261893874782,3380546.2643015194,1141.8046875,2970.2109375,3662.771093749994,,,
R4-I1,rank1_5,50000,465.3827898950195,1034.3949648364257,1224.8418032699215,1500237.4430375127,866.1611328125,2135.0009765625,2586.1580078124985,,,
R4-I1,rank6_10,50000,400.52263540039064,1074.9688430175781,1303.3468006136984,1698712.8826699639,894.671875,2221.46875,2684.407031249998,,,
R4-I1,rank1_10,100000,432.9527126477051,1054.681903927002,1265.1193116714348,1600526.8727640053,879.82421875,2179.3507812500006,2633.1328125,,,
R4-I1,rank11_20,100000,364.45366443115233,1098.6132490893556,1348.216217486874,1817686.969094614,912.349609375,2271.7445312500004,2760.416601562498,,,
R4-I1,rank21plus,10153047,-44.422772439902694,1396.2549826495147,1813.2284804289914,3287797.5222388287,1124.404296875,2927.3984375,3610.984375,,,
R4-I1,pooled_distance_quantile_1,1035268,472.83112857138707,937.539299528539,1078.1695627241775,1162449.605984844,792.615234375,1924.5080078125006,2304.6195312499985,433.0,49672.0,37625.55852301047
R4-I1,pooled_distance_quantile_2,1035290,282.37496680051606,1069.7443781339348,1317.6612801539939,1736231.249217062,897.23828125,2207.9421875,2649.8341796874997,49673.0,61402.0,55946.7919037178
R4-I1,pooled_distance_quantile_3,1035331,188.4330798292104,1162.3087409930677,1453.0001763447835,2111209.5124579724,974.6328125,2403.4375,2880.875,61403.0,70165.0,65925.25303308797
R4-I1,pooled_distance_quantile_4,1035212,111.56499193749082,1241.5801418460965,1561.546269792257,2438426.7527021123,1040.4296875,2568.8187500000004,3079.3238281249996,70166.0,77806.0,74045.2269332272
R4-I1,pooled_distance_quantile_5,1035391,34.19240918104851,1318.9686709235932,1665.398189179901,2773551.1285236934,1104.1796875,2728.03125,3274.6875,77807.0,85049.0,81439.4697974002
R4-I1,pooled_distance_quantile_6,1035306,-42.74154646820602,1396.46614724445,1765.5130789534862,3117036.4319558186,1166.375,2887.984375,3474.732421875,85050.0,92403.0,88696.07551100834
R4-I1,pooled_distance_quantile_7,1035278,-128.53860621404348,1478.084438348021,1867.9634371824902,3489287.402650623,1232.34765625,3059.810937500002,3685.3996093749993,92404.0,100401.0,96316.9905841716
R4-I1,pooled_distance_quantile_8,1035250,-226.3518274344965,1577.5313142432383,1988.7491049313578,3955123.0023652767,1312.5703125,3265.46875,3944.0234375,100402.0,109950.0,104982.62373629559
R4-I1,pooled_distance_quantile_9,1035382,-364.22703385380953,1709.8598304025713,2145.2582730438226,4602133.058062964,1415.7734375,3545.78046875,4294.366406249999,109951.0,123642.0,116224.07811223298
R4-I1,pooled_distance_quantile_10,1035339,-686.1044549553939,2008.6707784313278,2492.421102208696,6212162.950735212,1641.640625,4182.565625000001,5122.625,123643.0,365484.0,139658.15859346552
