stratum,category,descriptor,queries,mean,median,p90,p95,p99,min,max
all,Robust,d1,647,45268.23029366306,47248.0,69094.0,73863.2,82173.13999999994,2007.0,125740.0
all,Occasionally harmful,d1,1812,40681.49006622517,41790.0,63769.8,69140.0,80065.41999999985,1479.0,108215.0
all,Usually harmful,d1,3841,37241.02655558448,37662.0,58996.0,64689.0,75919.59999999999,633.0,111426.0
all,Persistently harmful,d1,3700,35673.91189189189,35700.5,58062.8,63164.99999999997,74650.59999999986,433.0,94552.0
all,Robust,dk,647,61367.67542503864,61259.0,84105.59999999999,90510.99999999997,101602.59999999999,8158.0,141757.0
all,Occasionally harmful,dk,1812,54871.75110375276,55731.5,77113.90000000001,84130.24999999997,94332.33999999997,5186.0,116590.0
all,Usually harmful,dk,3841,50388.912783129395,50931.0,71968.0,78617.0,89740.2,3735.0,128010.0
all,Persistently harmful,dk,3700,47306.04324324324,47918.5,69926.29999999999,76108.84999999996,87343.01,980.0,119008.0
all,Robust,dk_plus_1,647,62335.44976816074,62352.0,85055.6,91265.49999999997,102354.75999999998,9047.0,142046.0
all,Occasionally harmful,dk_plus_1,1812,55583.76876379691,56561.0,77648.2,84784.29999999999,96413.89999999985,5341.0,118017.0
all,Usually harmful,dk_plus_1,3841,50847.133038271284,51369.0,72565.0,79070.0,90016.6,3914.0,128651.0
all,Persistently harmful,dk_plus_1,3700,47615.51432432432,48256.0,70406.09999999999,76625.34999999999,87602.50999999992,1012.0,119842.0
all,Robust,d20,647,65858.89953632148,65341.0,88721.4,95370.49999999997,106805.17999999995,10324.0,147223.0
all,Occasionally harmful,d20,1812,58941.26600441501,59917.5,81688.90000000001,89123.4,101597.03999999998,6349.0,122360.0
all,Usually harmful,d20,3841,54027.94532673783,54590.0,76718.0,83485.0,95953.79999999996,4332.0,131235.0
all,Persistently harmful,d20,3700,50345.38675675676,51120.0,73828.0,80409.34999999995,91367.72999999998,1214.0,123586.0
all,Robust,boundary_margin,647,967.774343122102,574.0,2480.6,3228.399999999997,4861.179999999992,0.0,6627.0
all,Occasionally harmful,boundary_margin,1812,712.0176600441501,508.5,1630.8000000000002,2070.5999999999985,2907.129999999998,0.0,3897.0
all,Usually harmful,boundary_margin,3841,458.2202551418901,333.0,1049.0,1354.0,1933.3999999999987,0.0,4564.0
all,Persistently harmful,boundary_margin,3700,309.4710810810811,216.5,732.0,924.0,1448.0199999999995,0.0,2448.0
all,Robust,relative_boundary_margin,647,0.019701320469886353,0.00905040733197556,0.05152980244774816,0.06883146672221979,0.14477452035846422,0.0,0.24173529752928893
all,Occasionally harmful,relative_boundary_margin,1812,0.014744550740546437,0.00993492035803829,0.035158249051064745,0.045584134893391255,0.06821158281421065,0.0,0.12018631502984976
all,Usually harmful,relative_boundary_margin,3841,0.009955840284692749,0.007140100347356233,0.022393319958791954,0.029093138924848404,0.0461035878904887,0.0,0.11423882857864176
all,Persistently harmful,relative_boundary_margin,3700,0.007117555972720528,0.004976549411446817,0.01622991496362415,0.02072004037409249,0.0325342682068622,0.0,0.08522480215670927
all,Robust,boundary_gap_r1,647,967.774343122102,574.0,2480.6,3228.399999999997,4861.179999999992,0.0,6627.0
all,Occasionally harmful,boundary_gap_r1,1812,712.0176600441501,508.5,1630.8000000000002,2070.5999999999985,2907.129999999998,0.0,3897.0
all,Usually harmful,boundary_gap_r1,3841,458.2202551418901,333.0,1049.0,1354.0,1933.3999999999987,0.0,4564.0
all,Persistently harmful,boundary_gap_r1,3700,309.4710810810811,216.5,732.0,924.0,1448.0199999999995,0.0,2448.0
all,Robust,boundary_gap_r2,647,2442.0432766615145,1978.0,4812.999999999999,5924.899999999998,8680.499999999996,117.0,14663.0
all,Occasionally harmful,boundary_gap_r2,1812,1912.3658940397352,1693.0,3417.7000000000003,4101.999999999989,5880.989999999989,74.0,14903.0
all,Usually harmful,boundary_gap_r2,3841,1450.526165061182,1258.0,2602.0,3191.0,4559.599999999997,12.0,7525.0
all,Persistently harmful,boundary_gap_r2,3700,1009.38,860.0,1885.1,2253.4499999999975,3367.289999999993,5.0,7230.0
all,Robust,boundary_gap_r5,647,6650.258114374034,5514.0,10885.6,13549.0,24060.77999999999,1667.0,39675.0
all,Occasionally harmful,boundary_gap_r5,1812,5434.564569536424,4943.5,8505.9,10098.699999999995,14757.40999999999,768.0,28422.0
all,Usually harmful,boundary_gap_r5,3841,4674.982556625879,4239.0,7412.0,8738.0,12833.199999999997,642.0,39738.0
all,Persistently harmful,boundary_gap_r5,3700,3725.1924324324323,3368.0,6134.1,7306.0,10260.819999999982,170.0,26472.0
all,Robust,local_distance_concentration,647,0.8587890035409205,0.3304380471323015,2.170928685633572,3.2497239732637055,8.656069017589523,0.07760971981155468,20.390134529147982
all,Occasionally harmful,local_distance_concentration,1812,0.8339042920046329,0.35925210314510864,1.7804240981570134,3.06420373550754,8.608452793749029,0.08939332483485919,27.13184584178499
all,Usually harmful,local_distance_concentration,3841,0.7697227596621585,0.3681372734496197,1.4364536899455176,2.752614705418616,7.523810533663101,0.06377947435984055,44.199887387387385
all,Persistently harmful,local_distance_concentration,3700,0.6900104786015873,0.3424239459277802,1.1672920383903889,2.249777223121304,7.318267120113238,0.0685879044399625,28.097902097902097
all,Robust,candidate_count,647,1116.5378670788255,1157.0,1350.0,1402.7999999999997,1503.2399999999998,287.0,1600.0
all,Occasionally harmful,candidate_count,1812,1071.9685430463576,1111.0,1310.0,1370.8999999999996,1489.229999999999,266.0,1742.0
all,Usually harmful,candidate_count,3841,1037.0052069773496,1076.0,1279.0,1331.0,1425.3999999999996,302.0,1579.0
all,Persistently harmful,candidate_count,3700,1001.3791891891892,1047.5,1266.0,1317.0,1418.0099999999998,247.0,1722.0
all,Robust,oracle_recall,647,0.8097372488408039,0.8,1.0,1.0,1.0,0.1,1.0
all,Occasionally harmful,oracle_recall,1812,0.9080573951434879,0.9,1.0,1.0,1.0,0.4,1.0
all,Usually harmful,oracle_recall,3841,0.9659984379067953,1.0,1.0,1.0,1.0,0.5,1.0
all,Persistently harmful,oracle_recall,3700,0.986972972972973,1.0,1.0,1.0,1.0,0.6,1.0
oracle1,Robust,d1,161,26527.372670807454,23518.0,48409.0,55812.0,66143.80000000002,2007.0,68689.0
oracle1,Occasionally harmful,d1,835,31503.565269461076,30286.0,53587.0,60035.99999999999,71130.13999999996,1479.0,78175.0
oracle1,Usually harmful,d1,2857,33792.05845292265,33512.0,54425.0,60017.399999999994,72080.20000000001,633.0,95624.0
oracle1,Persistently harmful,d1,3283,34546.31739262869,34577.0,56473.0,62593.19999999996,73437.25999999994,433.0,94108.0
oracle1,Robust,dk,161,46189.39751552795,45592.0,70105.0,76578.0,86871.6,8158.0,91320.0
oracle1,Occasionally harmful,dk,835,47021.36766467066,47694.0,69787.8,76033.3,87460.7,5186.0,96544.0
oracle1,Usually harmful,dk,2857,47345.3591179559,47843.0,68974.2,74139.2,86953.28,3735.0,109099.0
oracle1,Persistently harmful,dk,3283,46252.03868413037,46811.0,69041.0,75638.89999999997,86919.9,980.0,119008.0
oracle1,Robust,dk_plus_1,161,48339.627329192546,47439.0,71940.0,79942.0,91186.8,9047.0,93441.0
oracle1,Occasionally harmful,dk_plus_1,835,47999.33532934132,48438.0,70788.40000000001,77210.69999999998,87773.38,5341.0,97192.0
oracle1,Usually harmful,dk_plus_1,2857,47843.97164858243,48368.0,69766.0,75135.59999999999,87996.72,3914.0,109327.0
oracle1,Persistently harmful,dk_plus_1,3283,46568.41516905269,47148.0,69633.8,75868.89999999998,87309.14,1012.0,119842.0
oracle1,Robust,d20,161,53458.34161490683,52711.0,78459.0,85953.0,96300.6,10324.0,97865.0
oracle1,Occasionally harmful,d20,835,51872.6,52304.0,76295.8,82353.19999999997,93465.26,6349.0,104632.0
oracle1,Usually harmful,d20,2857,51160.9611480574,51562.0,73944.2,79750.59999999999,92538.44,4332.0,113408.0
oracle1,Persistently harmful,d20,3283,49353.650624428876,49998.0,73117.0,79964.49999999999,91092.83999999997,1214.0,123586.0
oracle1,Robust,boundary_margin,161,2150.2298136645963,1943.0,4151.0,4692.0,6285.6,58.0,6627.0
oracle1,Occasionally harmful,boundary_margin,835,977.9676646706587,828.0,2017.6,2453.7999999999984,3461.96,0.0,3897.0
oracle1,Usually harmful,boundary_margin,2857,498.61253062653134,373.0,1115.2000000000003,1430.3999999999996,2041.840000000002,0.0,4564.0
oracle1,Persistently harmful,boundary_margin,3283,316.37648492232717,222.0,744.8000000000002,933.8999999999996,1454.0,0.0,2448.0
oracle1,Robust,relative_boundary_margin,161,0.05230626376948446,0.04374276350648586,0.09720818595250126,0.13890434222469475,0.2043970479996214,0.0013426547525348395,0.24173529752928893
oracle1,Occasionally harmful,relative_boundary_margin,835,0.02267115491627109,0.018439468159552136,0.046617579696671456,0.056791075095191726,0.07430847682674256,0.0,0.12018631502984976
oracle1,Usually harmful,relative_boundary_margin,2857,0.01133697418031225,0.008494156020657787,0.024523117148615246,0.03133777493469749,0.048275263084026326,0.0,0.11423882857864176
oracle1,Persistently harmful,relative_boundary_margin,3283,0.0074264567942806045,0.005288461538461539,0.016802028572591436,0.02120383496898253,0.03403240103130257,0.0,0.08522480215670927
oracle1,Robust,boundary_gap_r1,161,2150.2298136645963,1943.0,4151.0,4692.0,6285.6,58.0,6627.0
oracle1,Occasionally harmful,boundary_gap_r1,835,977.9676646706587,828.0,2017.6,2453.7999999999984,3461.96,0.0,3897.0
oracle1,Usually harmful,boundary_gap_r1,2857,498.61253062653134,373.0,1115.2000000000003,1430.3999999999996,2041.840000000002,0.0,4564.0
oracle1,Persistently harmful,boundary_gap_r1,3283,316.37648492232717,222.0,744.8000000000002,933.8999999999996,1454.0,0.0,2448.0
oracle1,Robust,boundary_gap_r2,161,4295.39751552795,3891.0,6882.0,7898.0,12638.200000000004,882.0,14663.0
oracle1,Occasionally harmful,boundary_gap_r2,835,2443.4443113772454,2196.0,4012.4,4830.899999999999,6528.459999999999,226.0,14903.0
oracle1,Usually harmful,boundary_gap_r2,2857,1575.980399019951,1381.0,2785.6000000000004,3392.7999999999984,4897.84,12.0,7525.0
oracle1,Persistently harmful,boundary_gap_r2,3283,1038.3213524215657,887.0,1927.6000000000004,2350.5999999999985,3484.0399999999954,5.0,7230.0
oracle1,Robust,boundary_gap_r5,161,10015.285714285714,8319.0,16438.0,22910.0,34515.60000000002,1821.0,39675.0
oracle1,Occasionally harmful,boundary_gap_r5,835,6463.020359281437,5904.0,10068.2,12176.099999999999,17997.03999999999,804.0,28422.0
oracle1,Usually harmful,boundary_gap_r5,2857,4944.180609030452,4497.0,7823.200000000001,9269.799999999997,13082.280000000004,642.0,39738.0
oracle1,Persistently harmful,boundary_gap_r5,3283,3814.8065793481574,3435.0,6320.200000000001,7495.899999999996,10702.939999999995,170.0,26472.0
oracle1,Robust,local_distance_concentration,161,1.8498149821021108,1.0129055646184522,3.7028831562974203,5.6499840950058315,12.09886891311735,0.16255221340641368,20.390134529147982
oracle1,Occasionally harmful,local_distance_concentration,835,1.224192009670014,0.5001390648660342,2.9179933295727305,4.561571728494219,9.889172322182135,0.11020065552801983,27.13184584178499
oracle1,Usually harmful,local_distance_concentration,2857,0.8766360047009448,0.4144497472003024,1.7345010072180609,3.2089714189074847,8.059386643114008,0.10477816294180152,44.199887387387385
oracle1,Persistently harmful,local_distance_concentration,3283,0.7212357278552171,0.3561834561834562,1.233793938220447,2.41552380970606,7.377225414609533,0.0685879044399625,28.097902097902097
oracle1,Robust,candidate_count,161,909.6024844720497,955.0,1198.0,1239.0,1281.0,287.0,1294.0
oracle1,Occasionally harmful,candidate_count,835,963.088622754491,1004.0,1221.0,1277.0,1362.8599999999992,266.0,1555.0
oracle1,Usually harmful,candidate_count,2857,998.5635281764088,1035.0,1246.0,1295.1999999999998,1397.88,302.0,1563.0
oracle1,Persistently harmful,candidate_count,3283,984.9022235759976,1029.0,1249.0,1301.8999999999996,1400.5399999999995,247.0,1722.0
oracle1,Robust,oracle_recall,161,1.0,1.0,1.0,1.0,1.0,1.0,1.0
oracle1,Occasionally harmful,oracle_recall,835,1.0,1.0,1.0,1.0,1.0,1.0,1.0
oracle1,Usually harmful,oracle_recall,2857,1.0,1.0,1.0,1.0,1.0,1.0,1.0
oracle1,Persistently harmful,oracle_recall,3283,1.0,1.0,1.0,1.0,1.0,1.0,1.0
