scope,descriptor,target,bin,queries,descriptor_mean,target_mean
all,d1,harmful_frequency_all,0,1000,8494.225,0.7422222222222223
all,d1,harmful_frequency_all,1,1000,17747.16,0.7298888888888889
all,d1,harmful_frequency_all,2,999,24735.436436436437,0.7543098654209767
all,d1,harmful_frequency_all,3,1001,30620.504495504494,0.750915750915751
all,d1,harmful_frequency_all,4,1000,35600.709,0.7492222222222221
all,d1,harmful_frequency_all,5,1000,40385.628,0.730888888888889
all,d1,harmful_frequency_all,6,1000,45292.683,0.6995555555555556
all,d1,harmful_frequency_all,7,1000,50283.349,0.6908888888888889
all,d1,harmful_frequency_all,8,1000,56566.825,0.6268888888888889
all,d1,harmful_frequency_all,9,1000,68307.257,0.5804444444444443
all,d1,harmful_subset_frequency,0,1000,8494.225,0.7803333333333332
all,d1,harmful_subset_frequency,1,1000,17747.16,0.77
all,d1,harmful_subset_frequency,2,999,24735.436436436437,0.7967967967967968
all,d1,harmful_subset_frequency,3,1001,30620.504495504494,0.8001998001998002
all,d1,harmful_subset_frequency,4,1000,35600.709,0.7876666666666666
all,d1,harmful_subset_frequency,5,1000,40385.628,0.7763333333333332
all,d1,harmful_subset_frequency,6,1000,45292.683,0.7406666666666666
all,d1,harmful_subset_frequency,7,1000,50283.349,0.7263333333333333
all,d1,harmful_subset_frequency,8,1000,56566.825,0.6476666666666667
all,d1,harmful_subset_frequency,9,1000,68307.257,0.5883333333333334
all,d1,overall_mean_loss,0,1000,8494.225,0.10825555555555556
all,d1,overall_mean_loss,1,1000,17747.16,0.1035
all,d1,overall_mean_loss,2,999,24735.436436436437,0.10833055277499723
all,d1,overall_mean_loss,3,1001,30620.504495504494,0.1053835053835054
all,d1,overall_mean_loss,4,1000,35600.709,0.10774444444444445
all,d1,overall_mean_loss,5,1000,40385.628,0.10388888888888889
all,d1,overall_mean_loss,6,1000,45292.683,0.10114444444444444
all,d1,overall_mean_loss,7,1000,50283.349,0.09730000000000001
all,d1,overall_mean_loss,8,1000,56566.825,0.08833333333333335
all,d1,overall_mean_loss,9,1000,68307.257,0.08044444444444446
all,d1,between_subset_variability,0,1000,8494.225,0.0010046913580246915
all,d1,between_subset_variability,1,1000,17747.16,0.000997283950617284
all,d1,between_subset_variability,2,999,24735.436436436437,0.0010526575958674726
all,d1,between_subset_variability,3,1001,30620.504495504494,0.001058941058941059
all,d1,between_subset_variability,4,1000,35600.709,0.001032098765432099
all,d1,between_subset_variability,5,1000,40385.628,0.0010441975308641976
all,d1,between_subset_variability,6,1000,45292.683,0.0010528395061728398
all,d1,between_subset_variability,7,1000,50283.349,0.001048395061728395
all,d1,between_subset_variability,8,1000,56566.825,0.0009886419753086422
all,d1,between_subset_variability,9,1000,68307.257,0.0008980246913580247
all,d1,within_subset_variability,0,1000,8494.225,0.002734074074074074
all,d1,within_subset_variability,1,1000,17747.16,0.00272
all,d1,within_subset_variability,2,999,24735.436436436437,0.002751640529418307
all,d1,within_subset_variability,3,1001,30620.504495504494,0.0027742627742627745
all,d1,within_subset_variability,4,1000,35600.709,0.002711851851851852
all,d1,within_subset_variability,5,1000,40385.628,0.002860740740740741
all,d1,within_subset_variability,6,1000,45292.683,0.002876296296296297
all,d1,within_subset_variability,7,1000,50283.349,0.0028533333333333336
all,d1,within_subset_variability,8,1000,56566.825,0.0025200000000000005
all,d1,within_subset_variability,9,1000,68307.257,0.002443703703703704
all,dk,harmful_frequency_all,0,1000,18387.039,0.8072222222222222
all,dk,harmful_frequency_all,1,1000,31203.087,0.7591111111111111
all,dk,harmful_frequency_all,2,1000,38322.118,0.7557777777777779
all,dk,harmful_frequency_all,3,1000,43859.896,0.7406666666666667
all,dk,harmful_frequency_all,4,1000,48983.068,0.7308888888888889
all,dk,harmful_frequency_all,5,1000,53667.632,0.7044444444444445
all,dk,harmful_frequency_all,6,1000,58205.979,0.685
all,dk,harmful_frequency_all,7,1000,63299.961,0.6603333333333333
all,dk,harmful_frequency_all,8,1000,69703.376,0.643888888888889
all,dk,harmful_frequency_all,9,1000,82076.517,0.5678888888888889
all,dk,harmful_subset_frequency,0,1000,18387.039,0.8513333333333333
all,dk,harmful_subset_frequency,1,1000,31203.087,0.802
all,dk,harmful_subset_frequency,2,1000,38322.118,0.7983333333333332
all,dk,harmful_subset_frequency,3,1000,43859.896,0.7846666666666666
all,dk,harmful_subset_frequency,4,1000,48983.068,0.7756666666666665
all,dk,harmful_subset_frequency,5,1000,53667.632,0.7426666666666666
all,dk,harmful_subset_frequency,6,1000,58205.979,0.7233333333333334
all,dk,harmful_subset_frequency,7,1000,63299.961,0.6966666666666668
all,dk,harmful_subset_frequency,8,1000,69703.376,0.6703333333333333
all,dk,harmful_subset_frequency,9,1000,82076.517,0.5693333333333332
all,dk,overall_mean_loss,0,1000,18387.039,0.12483333333333334
all,dk,overall_mean_loss,1,1000,31203.087,0.11020000000000002
all,dk,overall_mean_loss,2,1000,38322.118,0.10761111111111113
all,dk,overall_mean_loss,3,1000,43859.896,0.1048111111111111
all,dk,overall_mean_loss,4,1000,48983.068,0.1039888888888889
all,dk,overall_mean_loss,5,1000,53667.632,0.10066666666666668
all,dk,overall_mean_loss,6,1000,58205.979,0.09444444444444446
all,dk,overall_mean_loss,7,1000,63299.961,0.09226666666666666
all,dk,overall_mean_loss,8,1000,69703.376,0.08905555555555555
all,dk,overall_mean_loss,9,1000,82076.517,0.07644444444444445
all,dk,between_subset_variability,0,1000,18387.039,0.001148888888888889
all,dk,between_subset_variability,1,1000,31203.087,0.0010306172839506173
all,dk,between_subset_variability,2,1000,38322.118,0.0010953086419753085
all,dk,between_subset_variability,3,1000,43859.896,0.0010256790123456792
all,dk,between_subset_variability,4,1000,48983.068,0.000994074074074074
all,dk,between_subset_variability,5,1000,53667.632,0.0010172839506172842
all,dk,between_subset_variability,6,1000,58205.979,0.0010651851851851853
all,dk,between_subset_variability,7,1000,63299.961,0.001020740740740741
all,dk,between_subset_variability,8,1000,69703.376,0.0009360493827160494
all,dk,between_subset_variability,9,1000,82076.517,0.0008439506172839508
all,dk,within_subset_variability,0,1000,18387.039,0.0030940740740740746
all,dk,within_subset_variability,1,1000,31203.087,0.0028118518518518527
all,dk,within_subset_variability,2,1000,38322.118,0.0027400000000000002
all,dk,within_subset_variability,3,1000,43859.896,0.0027814814814814816
all,dk,within_subset_variability,4,1000,48983.068,0.0027822222222222224
all,dk,within_subset_variability,5,1000,53667.632,0.002854814814814815
all,dk,within_subset_variability,6,1000,58205.979,0.0026622222222222225
all,dk,within_subset_variability,7,1000,63299.961,0.0026659259259259258
all,dk,within_subset_variability,8,1000,69703.376,0.00260962962962963
all,dk,within_subset_variability,9,1000,82076.517,0.0022437037037037044
all,dk_plus_1,harmful_frequency_all,0,1000,18663.426,0.812
all,dk_plus_1,harmful_frequency_all,1,1000,31622.377,0.7624444444444445
all,dk_plus_1,harmful_frequency_all,2,1000,38749.061,0.7567777777777779
all,dk_plus_1,harmful_frequency_all,3,1000,44313.178,0.7406666666666666
all,dk_plus_1,harmful_frequency_all,4,1000,49454.723,0.738
all,dk_plus_1,harmful_frequency_all,5,1000,54164.113,0.7005555555555557
all,dk_plus_1,harmful_frequency_all,6,1000,58715.017,0.681
all,dk_plus_1,harmful_frequency_all,7,1000,63847.908,0.6577777777777777
all,dk_plus_1,harmful_frequency_all,8,999,70285.67367367368,0.6433099766433099
all,dk_plus_1,harmful_frequency_all,9,1001,82702.17282717282,0.5627705627705627
all,dk_plus_1,harmful_subset_frequency,0,1000,18663.426,0.8563333333333333
all,dk_plus_1,harmful_subset_frequency,1,1000,31622.377,0.806
all,dk_plus_1,harmful_subset_frequency,2,1000,38749.061,0.802
all,dk_plus_1,harmful_subset_frequency,3,1000,44313.178,0.781
all,dk_plus_1,harmful_subset_frequency,4,1000,49454.723,0.7853333333333332
all,dk_plus_1,harmful_subset_frequency,5,1000,54164.113,0.7396666666666666
all,dk_plus_1,harmful_subset_frequency,6,1000,58715.017,0.716
all,dk_plus_1,harmful_subset_frequency,7,1000,63847.908,0.6956666666666667
all,dk_plus_1,harmful_subset_frequency,8,999,70285.67367367368,0.667334000667334
all,dk_plus_1,harmful_subset_frequency,9,1001,82702.17282717282,0.5651015651015652
all,dk_plus_1,overall_mean_loss,0,1000,18663.426,0.12563333333333335
all,dk_plus_1,overall_mean_loss,1,1000,31622.377,0.11086666666666667
all,dk_plus_1,overall_mean_loss,2,1000,38749.061,0.1078777777777778
all,dk_plus_1,overall_mean_loss,3,1000,44313.178,0.10535555555555556
all,dk_plus_1,overall_mean_loss,4,1000,49454.723,0.1047
all,dk_plus_1,overall_mean_loss,5,1000,54164.113,0.09948888888888889
all,dk_plus_1,overall_mean_loss,6,1000,58715.017,0.09402222222222224
all,dk_plus_1,overall_mean_loss,7,1000,63847.908,0.09185555555555555
all,dk_plus_1,overall_mean_loss,8,999,70285.67367367368,0.08931153375597821
all,dk_plus_1,overall_mean_loss,9,1001,82702.17282717282,0.07522477522477523
all,dk_plus_1,between_subset_variability,0,1000,18663.426,0.0011550617283950617
all,dk_plus_1,between_subset_variability,1,1000,31622.377,0.0010291358024691359
all,dk_plus_1,between_subset_variability,2,1000,38749.061,0.0011029629629629631
all,dk_plus_1,between_subset_variability,3,1000,44313.178,0.0010276543209876542
all,dk_plus_1,between_subset_variability,4,1000,49454.723,0.0010019753086419755
all,dk_plus_1,between_subset_variability,5,1000,54164.113,0.0010051851851851853
all,dk_plus_1,between_subset_variability,6,1000,58715.017,0.0010703703703703704
all,dk_plus_1,between_subset_variability,7,1000,63847.908,0.0010101234567901237
all,dk_plus_1,between_subset_variability,8,999,70285.67367367368,0.0009448955127967475
all,dk_plus_1,between_subset_variability,9,1001,82702.17282717282,0.000830527497194164
all,dk_plus_1,within_subset_variability,0,1000,18663.426,0.0031125925925925926
all,dk_plus_1,within_subset_variability,1,1000,31622.377,0.0028214814814814817
all,dk_plus_1,within_subset_variability,2,1000,38749.061,0.002751851851851852
all,dk_plus_1,within_subset_variability,3,1000,44313.178,0.0027911111111111114
all,dk_plus_1,within_subset_variability,4,1000,49454.723,0.002791851851851852
all,dk_plus_1,within_subset_variability,5,1000,54164.113,0.0028162962962962968
all,dk_plus_1,within_subset_variability,6,1000,58715.017,0.0026614814814814817
all,dk_plus_1,within_subset_variability,7,1000,63847.908,0.002684444444444445
all,dk_plus_1,within_subset_variability,8,999,70285.67367367368,0.0025855485114744375
all,dk_plus_1,within_subset_variability,9,1001,82702.17282717282,0.0022296222296222298
all,d20,harmful_frequency_all,0,1000,20494.517,0.8204444444444444
all,d20,harmful_frequency_all,1,1000,34074.952,0.7737777777777778
all,d20,harmful_frequency_all,2,1000,41462.541,0.7533333333333334
all,d20,harmful_frequency_all,3,1000,47206.387,0.7331111111111112
all,d20,harmful_frequency_all,4,999,52503.382382382384,0.7395172950728507
all,d20,harmful_frequency_all,5,1001,57339.380619380616,0.6947496947496947
all,d20,harmful_frequency_all,6,1000,62047.988,0.6757777777777778
all,d20,harmful_frequency_all,7,1000,67306.13,0.6636666666666667
all,d20,harmful_frequency_all,8,1000,73931.457,0.637
all,d20,harmful_frequency_all,9,1000,86839.98,0.5638888888888889
all,d20,harmful_subset_frequency,0,1000,20494.517,0.8656666666666666
all,d20,harmful_subset_frequency,1,1000,34074.952,0.8183333333333332
all,d20,harmful_subset_frequency,2,1000,41462.541,0.7986666666666666
all,d20,harmful_subset_frequency,3,1000,47206.387,0.7693333333333334
all,d20,harmful_subset_frequency,4,999,52503.382382382384,0.7921254587921254
all,d20,harmful_subset_frequency,5,1001,57339.380619380616,0.7339327339327341
all,d20,harmful_subset_frequency,6,1000,62047.988,0.7086666666666667
all,d20,harmful_subset_frequency,7,1000,67306.13,0.7006666666666668
all,d20,harmful_subset_frequency,8,1000,73931.457,0.6623333333333332
all,d20,harmful_subset_frequency,9,1000,86839.98,0.5646666666666668
all,d20,overall_mean_loss,0,1000,20494.517,0.12842222222222224
all,d20,overall_mean_loss,1,1000,34074.952,0.11252222222222223
all,d20,overall_mean_loss,2,1000,41462.541,0.1075888888888889
all,d20,overall_mean_loss,3,1000,47206.387,0.10420000000000001
all,d20,overall_mean_loss,4,999,52503.382382382384,0.1051829607385163
all,d20,overall_mean_loss,5,1001,57339.380619380616,0.09834609834609837
all,d20,overall_mean_loss,6,1000,62047.988,0.09321111111111112
all,d20,overall_mean_loss,7,1000,67306.13,0.09325555555555556
all,d20,overall_mean_loss,8,1000,73931.457,0.08733333333333333
all,d20,overall_mean_loss,9,1000,86839.98,0.07426666666666668
all,d20,between_subset_variability,0,1000,20494.517,0.0011886419753086418
all,d20,between_subset_variability,1,1000,34074.952,0.0010222222222222223
all,d20,between_subset_variability,2,1000,41462.541,0.001114814814814815
all,d20,between_subset_variability,3,1000,47206.387,0.0010049382716049381
all,d20,between_subset_variability,4,999,52503.382382382384,0.0010190437350931177
all,d20,between_subset_variability,5,1001,57339.380619380616,0.0010392077058743727
all,d20,between_subset_variability,6,1000,62047.988,0.0010308641975308643
all,d20,between_subset_variability,7,1000,67306.13,0.0010162962962962964
all,d20,between_subset_variability,8,1000,73931.457,0.000952098765432099
all,d20,between_subset_variability,9,1000,86839.98,0.0007896296296296298
all,d20,within_subset_variability,0,1000,20494.517,0.00316
all,d20,within_subset_variability,1,1000,34074.952,0.002843703703703704
all,d20,within_subset_variability,2,1000,41462.541,0.0027622222222222223
all,d20,within_subset_variability,3,1000,47206.387,0.002754814814814815
all,d20,within_subset_variability,4,999,52503.382382382384,0.0028636043450858267
all,d20,within_subset_variability,5,1001,57339.380619380616,0.0028349428349428354
all,d20,within_subset_variability,6,1000,62047.988,0.00257925925925926
all,d20,within_subset_variability,7,1000,67306.13,0.0027192592592592594
all,d20,within_subset_variability,8,1000,73931.457,0.002517777777777778
all,d20,within_subset_variability,9,1000,86839.98,0.0022103703703703704
all,boundary_margin,harmful_frequency_all,0,990,16.47979797979798,0.7757575757575758
all,boundary_margin,harmful_frequency_all,1,999,64.89689689689689,0.8005783561339116
all,boundary_margin,harmful_frequency_all,2,1003,120.86739780658026,0.7772238839038441
all,boundary_margin,harmful_frequency_all,3,1006,187.31908548707753,0.7531477799867463
all,boundary_margin,harmful_frequency_all,4,995,264.30452261306533,0.7622557230597432
all,boundary_margin,harmful_frequency_all,5,999,359.40840840840843,0.7405182960738517
all,boundary_margin,harmful_frequency_all,6,1006,479.9900596421471,0.7117296222664016
all,boundary_margin,harmful_frequency_all,7,999,645.2632632632633,0.6697808920031142
all,boundary_margin,harmful_frequency_all,8,1003,917.2313060817547,0.6318821313836269
all,boundary_margin,harmful_frequency_all,9,1000,1761.07,0.4331111111111111
all,boundary_margin,harmful_subset_frequency,0,990,16.47979797979798,0.8151515151515152
all,boundary_margin,harmful_subset_frequency,1,999,64.89689689689689,0.8398398398398398
all,boundary_margin,harmful_subset_frequency,2,1003,120.86739780658026,0.8235294117647058
all,boundary_margin,harmful_subset_frequency,3,1006,187.31908548707753,0.7892644135188867
all,boundary_margin,harmful_subset_frequency,4,995,264.30452261306533,0.80536013400335
all,boundary_margin,harmful_subset_frequency,5,999,359.40840840840843,0.782449115782449
all,boundary_margin,harmful_subset_frequency,6,1006,479.9900596421471,0.7574552683896619
all,boundary_margin,harmful_subset_frequency,7,999,645.2632632632633,0.7157157157157157
all,boundary_margin,harmful_subset_frequency,8,1003,917.2313060817547,0.6660019940179461
all,boundary_margin,harmful_subset_frequency,9,1000,1761.07,0.4203333333333334
all,boundary_margin,overall_mean_loss,0,990,16.47979797979798,0.12180695847362515
all,boundary_margin,overall_mean_loss,1,999,64.89689689689689,0.12302302302302302
all,boundary_margin,overall_mean_loss,2,1003,120.86739780658026,0.11930874044533069
all,boundary_margin,overall_mean_loss,3,1006,187.31908548707753,0.11066931742876078
all,boundary_margin,overall_mean_loss,4,995,264.30452261306533,0.10968174204355109
all,boundary_margin,overall_mean_loss,5,999,359.40840840840843,0.1050606161717273
all,boundary_margin,overall_mean_loss,6,1006,479.9900596421471,0.09670863706648995
all,boundary_margin,overall_mean_loss,7,999,645.2632632632633,0.0894894894894895
all,boundary_margin,overall_mean_loss,8,1003,917.2313060817547,0.07879694250581588
all,boundary_margin,overall_mean_loss,9,1000,1761.07,0.050022222222222225
all,boundary_margin,between_subset_variability,0,990,16.47979797979798,0.001160493827160494
all,boundary_margin,between_subset_variability,1,999,64.89689689689689,0.0010726776158874927
all,boundary_margin,between_subset_variability,2,1003,120.86739780658026,0.001162438610095639
all,boundary_margin,between_subset_variability,3,1006,187.31908548707753,0.0011123383157843067
all,boundary_margin,between_subset_variability,4,995,264.30452261306533,0.0010762454246541348
all,boundary_margin,between_subset_variability,5,999,359.40840840840843,0.001093933439612452
all,boundary_margin,between_subset_variability,6,1006,479.9900596421471,0.00098348182509879
all,boundary_margin,between_subset_variability,7,999,645.2632632632633,0.0009332789579703162
all,boundary_margin,between_subset_variability,8,1003,917.2313060817547,0.0008941078000566205
all,boundary_margin,between_subset_variability,9,1000,1761.07,0.0006901234567901237
all,boundary_margin,within_subset_variability,0,990,16.47979797979798,0.003094650205761317
all,boundary_margin,within_subset_variability,1,999,64.89689689689689,0.003109776443109776
all,boundary_margin,within_subset_variability,2,1003,120.86739780658026,0.002955577711310513
all,boundary_margin,within_subset_variability,3,1006,187.31908548707753,0.0028989028790221633
all,boundary_margin,within_subset_variability,4,995,264.30452261306533,0.002811836962590732
all,boundary_margin,within_subset_variability,5,999,359.40840840840843,0.0028554480406332264
all,boundary_margin,within_subset_variability,6,1006,479.9900596421471,0.002748693027023047
all,boundary_margin,within_subset_variability,7,999,645.2632632632633,0.0027034441849256665
all,boundary_margin,within_subset_variability,8,1003,917.2313060817547,0.002289428012259518
all,boundary_margin,within_subset_variability,9,1000,1761.07,0.0017822222222222224
all,relative_boundary_margin,harmful_frequency_all,0,1000,0.0003672422282549991,0.7454444444444445
all,relative_boundary_margin,harmful_frequency_all,1,1000,0.0014392132925435271,0.774
all,relative_boundary_margin,harmful_frequency_all,2,1000,0.0026426771286504397,0.7542222222222222
all,relative_boundary_margin,harmful_frequency_all,3,1000,0.004038555311424545,0.7523333333333335
all,relative_boundary_margin,harmful_frequency_all,4,1000,0.0056685650856067625,0.7411111111111112
all,relative_boundary_margin,harmful_frequency_all,5,1000,0.007738833167126009,0.7477777777777779
all,relative_boundary_margin,harmful_frequency_all,6,1000,0.010243564800408158,0.7271111111111112
all,relative_boundary_margin,harmful_frequency_all,7,1000,0.013725590861628334,0.679
all,relative_boundary_margin,harmful_frequency_all,8,1000,0.019234959674977438,0.6656666666666667
all,relative_boundary_margin,harmful_frequency_all,9,1000,0.03894001836783721,0.46855555555555556
all,relative_boundary_margin,harmful_subset_frequency,0,1000,0.0003672422282549991,0.781
all,relative_boundary_margin,harmful_subset_frequency,1,1000,0.0014392132925435271,0.8113333333333332
all,relative_boundary_margin,harmful_subset_frequency,2,1000,0.0026426771286504397,0.793
all,relative_boundary_margin,harmful_subset_frequency,3,1000,0.004038555311424545,0.7893333333333332
all,relative_boundary_margin,harmful_subset_frequency,4,1000,0.0056685650856067625,0.786
all,relative_boundary_margin,harmful_subset_frequency,5,1000,0.007738833167126009,0.7903333333333332
all,relative_boundary_margin,harmful_subset_frequency,6,1000,0.010243564800408158,0.7713333333333332
all,relative_boundary_margin,harmful_subset_frequency,7,1000,0.013725590861628334,0.7206666666666667
all,relative_boundary_margin,harmful_subset_frequency,8,1000,0.019234959674977438,0.706
all,relative_boundary_margin,harmful_subset_frequency,9,1000,0.03894001836783721,0.4653333333333334
all,relative_boundary_margin,overall_mean_loss,0,1000,0.0003672422282549991,0.1137888888888889
all,relative_boundary_margin,overall_mean_loss,1,1000,0.0014392132925435271,0.11787777777777779
all,relative_boundary_margin,overall_mean_loss,2,1000,0.0026426771286504397,0.11285555555555557
all,relative_boundary_margin,overall_mean_loss,3,1000,0.004038555311424545,0.1126
all,relative_boundary_margin,overall_mean_loss,4,1000,0.0056685650856067625,0.109
all,relative_boundary_margin,overall_mean_loss,5,1000,0.007738833167126009,0.10611111111111111
all,relative_boundary_margin,overall_mean_loss,6,1000,0.010243564800408158,0.09998888888888889
all,relative_boundary_margin,overall_mean_loss,7,1000,0.013725590861628334,0.0910888888888889
all,relative_boundary_margin,overall_mean_loss,8,1000,0.019234959674977438,0.08582222222222222
all,relative_boundary_margin,overall_mean_loss,9,1000,0.03894001836783721,0.0551888888888889
all,relative_boundary_margin,between_subset_variability,0,1000,0.0003672422282549991,0.001066172839506173
all,relative_boundary_margin,between_subset_variability,1,1000,0.0014392132925435271,0.001140246913580247
all,relative_boundary_margin,between_subset_variability,2,1000,0.0026426771286504397,0.0010323456790123457
all,relative_boundary_margin,between_subset_variability,3,1000,0.004038555311424545,0.0011651851851851853
all,relative_boundary_margin,between_subset_variability,4,1000,0.0056685650856067625,0.0011382716049382717
all,relative_boundary_margin,between_subset_variability,5,1000,0.007738833167126009,0.0010296296296296297
all,relative_boundary_margin,between_subset_variability,6,1000,0.010243564800408158,0.0009669135802469137
all,relative_boundary_margin,between_subset_variability,7,1000,0.013725590861628334,0.0010081481481481484
all,relative_boundary_margin,between_subset_variability,8,1000,0.019234959674977438,0.0009370370370370371
all,relative_boundary_margin,between_subset_variability,9,1000,0.03894001836783721,0.0006938271604938273
all,relative_boundary_margin,within_subset_variability,0,1000,0.0003672422282549991,0.0029651851851851853
all,relative_boundary_margin,within_subset_variability,1,1000,0.0014392132925435271,0.0030170370370370373
all,relative_boundary_margin,within_subset_variability,2,1000,0.0026426771286504397,0.002894814814814815
all,relative_boundary_margin,within_subset_variability,3,1000,0.004038555311424545,0.002931851851851852
all,relative_boundary_margin,within_subset_variability,4,1000,0.0056685650856067625,0.0028703703703703703
all,relative_boundary_margin,within_subset_variability,5,1000,0.007738833167126009,0.002834814814814815
all,relative_boundary_margin,within_subset_variability,6,1000,0.010243564800408158,0.0027051851851851855
all,relative_boundary_margin,within_subset_variability,7,1000,0.013725590861628334,0.002648888888888889
all,relative_boundary_margin,within_subset_variability,8,1000,0.019234959674977438,0.0024696296296296298
all,relative_boundary_margin,within_subset_variability,9,1000,0.03894001836783721,0.0019081481481481486
all,boundary_gap_r1,harmful_frequency_all,0,990,16.47979797979798,0.7757575757575758
all,boundary_gap_r1,harmful_frequency_all,1,999,64.89689689689689,0.8005783561339116
all,boundary_gap_r1,harmful_frequency_all,2,1003,120.86739780658026,0.7772238839038441
all,boundary_gap_r1,harmful_frequency_all,3,1006,187.31908548707753,0.7531477799867463
all,boundary_gap_r1,harmful_frequency_all,4,995,264.30452261306533,0.7622557230597432
all,boundary_gap_r1,harmful_frequency_all,5,999,359.40840840840843,0.7405182960738517
all,boundary_gap_r1,harmful_frequency_all,6,1006,479.9900596421471,0.7117296222664016
all,boundary_gap_r1,harmful_frequency_all,7,999,645.2632632632633,0.6697808920031142
all,boundary_gap_r1,harmful_frequency_all,8,1003,917.2313060817547,0.6318821313836269
all,boundary_gap_r1,harmful_frequency_all,9,1000,1761.07,0.4331111111111111
all,boundary_gap_r1,harmful_subset_frequency,0,990,16.47979797979798,0.8151515151515152
all,boundary_gap_r1,harmful_subset_frequency,1,999,64.89689689689689,0.8398398398398398
all,boundary_gap_r1,harmful_subset_frequency,2,1003,120.86739780658026,0.8235294117647058
all,boundary_gap_r1,harmful_subset_frequency,3,1006,187.31908548707753,0.7892644135188867
all,boundary_gap_r1,harmful_subset_frequency,4,995,264.30452261306533,0.80536013400335
all,boundary_gap_r1,harmful_subset_frequency,5,999,359.40840840840843,0.782449115782449
all,boundary_gap_r1,harmful_subset_frequency,6,1006,479.9900596421471,0.7574552683896619
all,boundary_gap_r1,harmful_subset_frequency,7,999,645.2632632632633,0.7157157157157157
all,boundary_gap_r1,harmful_subset_frequency,8,1003,917.2313060817547,0.6660019940179461
all,boundary_gap_r1,harmful_subset_frequency,9,1000,1761.07,0.4203333333333334
all,boundary_gap_r1,overall_mean_loss,0,990,16.47979797979798,0.12180695847362515
all,boundary_gap_r1,overall_mean_loss,1,999,64.89689689689689,0.12302302302302302
all,boundary_gap_r1,overall_mean_loss,2,1003,120.86739780658026,0.11930874044533069
all,boundary_gap_r1,overall_mean_loss,3,1006,187.31908548707753,0.11066931742876078
all,boundary_gap_r1,overall_mean_loss,4,995,264.30452261306533,0.10968174204355109
all,boundary_gap_r1,overall_mean_loss,5,999,359.40840840840843,0.1050606161717273
all,boundary_gap_r1,overall_mean_loss,6,1006,479.9900596421471,0.09670863706648995
all,boundary_gap_r1,overall_mean_loss,7,999,645.2632632632633,0.0894894894894895
all,boundary_gap_r1,overall_mean_loss,8,1003,917.2313060817547,0.07879694250581588
all,boundary_gap_r1,overall_mean_loss,9,1000,1761.07,0.050022222222222225
all,boundary_gap_r1,between_subset_variability,0,990,16.47979797979798,0.001160493827160494
all,boundary_gap_r1,between_subset_variability,1,999,64.89689689689689,0.0010726776158874927
all,boundary_gap_r1,between_subset_variability,2,1003,120.86739780658026,0.001162438610095639
all,boundary_gap_r1,between_subset_variability,3,1006,187.31908548707753,0.0011123383157843067
all,boundary_gap_r1,between_subset_variability,4,995,264.30452261306533,0.0010762454246541348
all,boundary_gap_r1,between_subset_variability,5,999,359.40840840840843,0.001093933439612452
all,boundary_gap_r1,between_subset_variability,6,1006,479.9900596421471,0.00098348182509879
all,boundary_gap_r1,between_subset_variability,7,999,645.2632632632633,0.0009332789579703162
all,boundary_gap_r1,between_subset_variability,8,1003,917.2313060817547,0.0008941078000566205
all,boundary_gap_r1,between_subset_variability,9,1000,1761.07,0.0006901234567901237
all,boundary_gap_r1,within_subset_variability,0,990,16.47979797979798,0.003094650205761317
all,boundary_gap_r1,within_subset_variability,1,999,64.89689689689689,0.003109776443109776
all,boundary_gap_r1,within_subset_variability,2,1003,120.86739780658026,0.002955577711310513
all,boundary_gap_r1,within_subset_variability,3,1006,187.31908548707753,0.0028989028790221633
all,boundary_gap_r1,within_subset_variability,4,995,264.30452261306533,0.002811836962590732
all,boundary_gap_r1,within_subset_variability,5,999,359.40840840840843,0.0028554480406332264
all,boundary_gap_r1,within_subset_variability,6,1006,479.9900596421471,0.002748693027023047
all,boundary_gap_r1,within_subset_variability,7,999,645.2632632632633,0.0027034441849256665
all,boundary_gap_r1,within_subset_variability,8,1003,917.2313060817547,0.002289428012259518
all,boundary_gap_r1,within_subset_variability,9,1000,1761.07,0.0017822222222222224
all,boundary_gap_r2,harmful_frequency_all,0,999,286.019019019019,0.8666444221999778
all,boundary_gap_r2,harmful_frequency_all,1,999,525.1321321321321,0.825047269491714
all,boundary_gap_r2,harmful_frequency_all,2,999,708.6876876876877,0.8089200311422533
all,boundary_gap_r2,harmful_frequency_all,3,999,894.944944944945,0.7778890001112223
all,boundary_gap_r2,harmful_frequency_all,4,1002,1084.3243512974052,0.7417387447327568
all,boundary_gap_r2,harmful_frequency_all,5,1002,1292.809381237525,0.7149035262807718
all,boundary_gap_r2,harmful_frequency_all,6,998,1543.8587174348697,0.6810287241148966
all,boundary_gap_r2,harmful_frequency_all,7,1001,1860.2857142857142,0.6389166389166389
all,boundary_gap_r2,harmful_frequency_all,8,1001,2350.8471528471528,0.5657675657675657
all,boundary_gap_r2,harmful_frequency_all,9,1000,3801.014,0.43488888888888894
all,boundary_gap_r2,harmful_subset_frequency,0,999,286.019019019019,0.9042375709042375
all,boundary_gap_r2,harmful_subset_frequency,1,999,525.1321321321321,0.8638638638638638
all,boundary_gap_r2,harmful_subset_frequency,2,999,708.6876876876877,0.8535201868535202
all,boundary_gap_r2,harmful_subset_frequency,3,999,894.944944944945,0.8328328328328328
all,boundary_gap_r2,harmful_subset_frequency,4,1002,1084.3243512974052,0.7890884896872921
all,boundary_gap_r2,harmful_subset_frequency,5,1002,1292.809381237525,0.7634730538922155
all,boundary_gap_r2,harmful_subset_frequency,6,998,1543.8587174348697,0.7334669338677354
all,boundary_gap_r2,harmful_subset_frequency,7,1001,1860.2857142857142,0.6713286713286714
all,boundary_gap_r2,harmful_subset_frequency,8,1001,2350.8471528471528,0.583083583083583
all,boundary_gap_r2,harmful_subset_frequency,9,1000,3801.014,0.42
all,boundary_gap_r2,overall_mean_loss,0,999,286.019019019019,0.15525525525525527
all,boundary_gap_r2,overall_mean_loss,1,999,525.1321321321321,0.13187632076520966
all,boundary_gap_r2,overall_mean_loss,2,999,708.6876876876877,0.12409075742409076
all,boundary_gap_r2,overall_mean_loss,3,999,894.944944944945,0.113769324880436
all,boundary_gap_r2,overall_mean_loss,4,1002,1084.3243512974052,0.1043579507651364
all,boundary_gap_r2,overall_mean_loss,5,1002,1292.809381237525,0.09575293856730983
all,boundary_gap_r2,overall_mean_loss,6,998,1543.8587174348697,0.08782008461367179
all,boundary_gap_r2,overall_mean_loss,7,1001,1860.2857142857142,0.07865467865467866
all,boundary_gap_r2,overall_mean_loss,8,1001,2350.8471528471528,0.06604506604506605
all,boundary_gap_r2,overall_mean_loss,9,1000,3801.014,0.04685555555555555
all,boundary_gap_r2,between_subset_variability,0,999,286.019019019019,0.001399671276214486
all,boundary_gap_r2,between_subset_variability,1,999,525.1321321321321,0.001239758276795314
all,boundary_gap_r2,between_subset_variability,2,999,708.6876876876877,0.0012286360434508583
all,boundary_gap_r2,between_subset_variability,3,999,894.944944944945,0.0011109875307406172
all,boundary_gap_r2,between_subset_variability,4,1002,1084.3243512974052,0.001087701140928021
all,boundary_gap_r2,between_subset_variability,5,1002,1292.809381237525,0.0009881471624651932
all,boundary_gap_r2,between_subset_variability,6,998,1543.8587174348697,0.0009154110690516838
all,boundary_gap_r2,between_subset_variability,7,1001,1860.2857142857142,0.0008660475327141995
all,boundary_gap_r2,between_subset_variability,8,1001,2350.8471528471528,0.0007666407666407669
all,boundary_gap_r2,between_subset_variability,9,1000,3801.014,0.0005758024691358026
all,boundary_gap_r2,within_subset_variability,0,999,286.019019019019,0.0037422607792978167
all,boundary_gap_r2,within_subset_variability,1,999,525.1321321321321,0.003271419567715864
all,boundary_gap_r2,within_subset_variability,2,999,708.6876876876877,0.00323656990323657
all,boundary_gap_r2,within_subset_variability,3,999,894.944944944945,0.003166870574277982
all,boundary_gap_r2,within_subset_variability,4,1002,1084.3243512974052,0.002938567309824795
all,boundary_gap_r2,within_subset_variability,5,1002,1292.809381237525,0.002689435942928957
all,boundary_gap_r2,within_subset_variability,6,998,1543.8587174348697,0.0024790321383507757
all,boundary_gap_r2,within_subset_variability,7,1001,1860.2857142857142,0.002271062271062271
all,boundary_gap_r2,within_subset_variability,8,1001,2350.8471528471528,0.0020046620046620047
all,boundary_gap_r2,within_subset_variability,9,1000,3801.014,0.001448888888888889
all,boundary_gap_r5,harmful_frequency_all,0,1000,1580.625,0.883888888888889
all,boundary_gap_r5,harmful_frequency_all,1,1000,2411.863,0.8283333333333335
all,boundary_gap_r5,harmful_frequency_all,2,999,2916.197197197197,0.7878990101212324
all,boundary_gap_r5,harmful_frequency_all,3,1001,3392.978021978022,0.7634587634587634
all,boundary_gap_r5,harmful_frequency_all,4,1000,3869.838,0.7051111111111112
all,boundary_gap_r5,harmful_frequency_all,5,998,4355.506012024048,0.6857047428189712
all,boundary_gap_r5,harmful_frequency_all,6,1000,4929.99,0.6594444444444445
all,boundary_gap_r5,harmful_frequency_all,7,1000,5620.247,0.6117777777777779
all,boundary_gap_r5,harmful_frequency_all,8,1002,6673.152694610779,0.5971390552228876
all,boundary_gap_r5,harmful_frequency_all,9,1000,10134.459,0.5326666666666666
all,boundary_gap_r5,harmful_subset_frequency,0,1000,1580.625,0.9246666666666667
all,boundary_gap_r5,harmful_subset_frequency,1,1000,2411.863,0.8783333333333334
all,boundary_gap_r5,harmful_subset_frequency,2,999,2916.197197197197,0.8321654988321655
all,boundary_gap_r5,harmful_subset_frequency,3,1001,3392.978021978022,0.8135198135198134
all,boundary_gap_r5,harmful_subset_frequency,4,1000,3869.838,0.749
all,boundary_gap_r5,harmful_subset_frequency,5,998,4355.506012024048,0.726118904475618
all,boundary_gap_r5,harmful_subset_frequency,6,1000,4929.99,0.6896666666666667
all,boundary_gap_r5,harmful_subset_frequency,7,1000,5620.247,0.6406666666666666
all,boundary_gap_r5,harmful_subset_frequency,8,1002,6673.152694610779,0.6304058549567533
all,boundary_gap_r5,harmful_subset_frequency,9,1000,10134.459,0.53
all,boundary_gap_r5,overall_mean_loss,0,1000,1580.625,0.1610777777777778
all,boundary_gap_r5,overall_mean_loss,1,1000,2411.863,0.1327
all,boundary_gap_r5,overall_mean_loss,2,999,2916.197197197197,0.11998665331998666
all,boundary_gap_r5,overall_mean_loss,3,1001,3392.978021978022,0.10909090909090911
all,boundary_gap_r5,overall_mean_loss,4,1000,3869.838,0.09568888888888889
all,boundary_gap_r5,overall_mean_loss,5,998,4355.506012024048,0.09070362948118461
all,boundary_gap_r5,overall_mean_loss,6,1000,4929.99,0.08676666666666669
all,boundary_gap_r5,overall_mean_loss,7,1000,5620.247,0.07540000000000001
all,boundary_gap_r5,overall_mean_loss,8,1002,6673.152694610779,0.07168995342648038
all,boundary_gap_r5,overall_mean_loss,9,1000,10134.459,0.06126666666666667
all,boundary_gap_r5,between_subset_variability,0,1000,1580.625,0.001565679012345679
all,boundary_gap_r5,between_subset_variability,1,1000,2411.863,0.0012980246913580247
all,boundary_gap_r5,between_subset_variability,2,999,2916.197197197197,0.0011710475908006772
all,boundary_gap_r5,between_subset_variability,3,1001,3392.978021978022,0.0010397010397010396
all,boundary_gap_r5,between_subset_variability,4,1000,3869.838,0.001031851851851852
all,boundary_gap_r5,between_subset_variability,5,998,4355.506012024048,0.0009302555728741436
all,boundary_gap_r5,between_subset_variability,6,1000,4929.99,0.000965679012345679
all,boundary_gap_r5,between_subset_variability,7,1000,5620.247,0.0008054320987654322
all,boundary_gap_r5,between_subset_variability,8,1002,6673.152694610779,0.0007604543998422909
all,boundary_gap_r5,between_subset_variability,9,1000,10134.459,0.0006101234567901237
all,boundary_gap_r5,within_subset_variability,0,1000,1580.625,0.004083703703703704
all,boundary_gap_r5,within_subset_variability,1,1000,2411.863,0.003588888888888889
all,boundary_gap_r5,within_subset_variability,2,999,2916.197197197197,0.0031327623920216516
all,boundary_gap_r5,within_subset_variability,3,1001,3392.978021978022,0.0029533429533429535
all,boundary_gap_r5,within_subset_variability,4,1000,3869.838,0.0027074074074074075
all,boundary_gap_r5,within_subset_variability,5,998,4355.506012024048,0.0025369257032583693
all,boundary_gap_r5,within_subset_variability,6,1000,4929.99,0.002412592592592593
all,boundary_gap_r5,within_subset_variability,7,1000,5620.247,0.0021281481481481485
all,boundary_gap_r5,within_subset_variability,8,1002,6673.152694610779,0.002035928143712575
all,boundary_gap_r5,within_subset_variability,9,1000,10134.459,0.0016674074074074076
all,local_distance_concentration,harmful_frequency_all,0,1000,0.15528629793972146,0.6926666666666667
all,local_distance_concentration,harmful_frequency_all,1,1000,0.20722823225700107,0.7097777777777778
all,local_distance_concentration,harmful_frequency_all,2,1000,0.246548048870461,0.7151111111111113
all,local_distance_concentration,harmful_frequency_all,3,1000,0.28539714695858664,0.6981111111111111
all,local_distance_concentration,harmful_frequency_all,4,1000,0.3297279753207687,0.7118888888888889
all,local_distance_concentration,harmful_frequency_all,5,1000,0.3820149387746979,0.7215555555555556
all,local_distance_concentration,harmful_frequency_all,6,1000,0.4537911604346257,0.7295555555555555
all,local_distance_concentration,harmful_frequency_all,7,1000,0.5893291291632634,0.7272222222222223
all,local_distance_concentration,harmful_frequency_all,8,1000,0.9897981104636244,0.6971111111111111
all,local_distance_concentration,harmful_frequency_all,9,1000,3.937093912908844,0.6522222222222221
all,local_distance_concentration,harmful_subset_frequency,0,1000,0.15528629793972146,0.721
all,local_distance_concentration,harmful_subset_frequency,1,1000,0.20722823225700107,0.739
all,local_distance_concentration,harmful_subset_frequency,2,1000,0.246548048870461,0.7543333333333333
all,local_distance_concentration,harmful_subset_frequency,3,1000,0.28539714695858664,0.738
all,local_distance_concentration,harmful_subset_frequency,4,1000,0.3297279753207687,0.749
all,local_distance_concentration,harmful_subset_frequency,5,1000,0.3820149387746979,0.7556666666666666
all,local_distance_concentration,harmful_subset_frequency,6,1000,0.4537911604346257,0.7736666666666667
all,local_distance_concentration,harmful_subset_frequency,7,1000,0.5893291291632634,0.767
all,local_distance_concentration,harmful_subset_frequency,8,1000,0.9897981104636244,0.736
all,local_distance_concentration,harmful_subset_frequency,9,1000,3.937093912908844,0.6806666666666666
all,local_distance_concentration,overall_mean_loss,0,1000,0.15528629793972146,0.10872222222222223
all,local_distance_concentration,overall_mean_loss,1,1000,0.20722823225700107,0.10703333333333333
all,local_distance_concentration,overall_mean_loss,2,1000,0.246548048870461,0.10375555555555556
all,local_distance_concentration,overall_mean_loss,3,1000,0.28539714695858664,0.0989888888888889
all,local_distance_concentration,overall_mean_loss,4,1000,0.3297279753207687,0.10165555555555557
all,local_distance_concentration,overall_mean_loss,5,1000,0.3820149387746979,0.10256666666666668
all,local_distance_concentration,overall_mean_loss,6,1000,0.4537911604346257,0.10200000000000001
all,local_distance_concentration,overall_mean_loss,7,1000,0.5893291291632634,0.10105555555555555
all,local_distance_concentration,overall_mean_loss,8,1000,0.9897981104636244,0.09278888888888889
all,local_distance_concentration,overall_mean_loss,9,1000,3.937093912908844,0.08575555555555556
all,local_distance_concentration,between_subset_variability,0,1000,0.15528629793972146,0.00118
all,local_distance_concentration,between_subset_variability,1,1000,0.20722823225700107,0.0011103703703703705
all,local_distance_concentration,between_subset_variability,2,1000,0.246548048870461,0.0010716049382716048
all,local_distance_concentration,between_subset_variability,3,1000,0.28539714695858664,0.00102320987654321
all,local_distance_concentration,between_subset_variability,4,1000,0.3297279753207687,0.00098320987654321
all,local_distance_concentration,between_subset_variability,5,1000,0.3820149387746979,0.0010212345679012347
all,local_distance_concentration,between_subset_variability,6,1000,0.4537911604346257,0.001057530864197531
all,local_distance_concentration,between_subset_variability,7,1000,0.5893291291632634,0.0009938271604938273
all,local_distance_concentration,between_subset_variability,8,1000,0.9897981104636244,0.0008953086419753087
all,local_distance_concentration,between_subset_variability,9,1000,3.937093912908844,0.0008414814814814816
all,local_distance_concentration,within_subset_variability,0,1000,0.15528629793972146,0.003155555555555556
all,local_distance_concentration,within_subset_variability,1,1000,0.20722823225700107,0.0030162962962962964
all,local_distance_concentration,within_subset_variability,2,1000,0.246548048870461,0.002752592592592593
all,local_distance_concentration,within_subset_variability,3,1000,0.28539714695858664,0.002734074074074074
all,local_distance_concentration,within_subset_variability,4,1000,0.3297279753207687,0.0027666666666666664
all,local_distance_concentration,within_subset_variability,5,1000,0.3820149387746979,0.002735555555555556
all,local_distance_concentration,within_subset_variability,6,1000,0.4537911604346257,0.0026666666666666666
all,local_distance_concentration,within_subset_variability,7,1000,0.5893291291632634,0.002677037037037037
all,local_distance_concentration,within_subset_variability,8,1000,0.9897981104636244,0.002423703703703704
all,local_distance_concentration,within_subset_variability,9,1000,3.937093912908844,0.002317777777777778
all,candidate_count,harmful_frequency_all,0,994,567.7766599597586,0.7641403979432149
all,candidate_count,harmful_frequency_all,1,1006,783.3956262425447,0.7690523525513586
all,candidate_count,harmful_frequency_all,2,992,905.4788306451613,0.7506720430107527
all,candidate_count,harmful_frequency_all,3,1005,986.6646766169155,0.7396351575456054
all,candidate_count,harmful_frequency_all,4,1002,1050.441117764471,0.7157906409403415
all,candidate_count,harmful_frequency_all,5,991,1102.250252270434,0.698733041820832
all,candidate_count,harmful_frequency_all,6,1009,1149.4717542120911,0.6890210329258891
all,candidate_count,harmful_frequency_all,7,988,1196.093117408907,0.6810616284300494
all,candidate_count,harmful_frequency_all,8,992,1250.2590725806451,0.642361111111111
all,candidate_count,harmful_frequency_all,9,1021,1355.594515181195,0.6062683643486778
all,candidate_count,harmful_subset_frequency,0,994,567.7766599597586,0.7967806841046278
all,candidate_count,harmful_subset_frequency,1,1006,783.3956262425447,0.8038436050364479
all,candidate_count,harmful_subset_frequency,2,992,905.4788306451613,0.7990591397849464
all,candidate_count,harmful_subset_frequency,3,1005,986.6646766169155,0.7893864013266998
all,candidate_count,harmful_subset_frequency,4,1002,1050.441117764471,0.7568196939454425
all,candidate_count,harmful_subset_frequency,5,991,1102.250252270434,0.7315842583249244
all,candidate_count,harmful_subset_frequency,6,1009,1149.4717542120911,0.7221671622068054
all,candidate_count,harmful_subset_frequency,7,988,1196.093117408907,0.7176113360323887
all,candidate_count,harmful_subset_frequency,8,992,1250.2590725806451,0.6693548387096774
all,candidate_count,harmful_subset_frequency,9,1021,1355.594515181195,0.6294482533463924
all,candidate_count,overall_mean_loss,0,994,567.7766599597586,0.11488933601609659
all,candidate_count,overall_mean_loss,1,1006,783.3956262425447,0.10965319195935497
all,candidate_count,overall_mean_loss,2,992,905.4788306451613,0.10754928315412188
all,candidate_count,overall_mean_loss,3,1005,986.6646766169155,0.10664455500276396
all,candidate_count,overall_mean_loss,4,1002,1050.441117764471,0.10057662452872036
all,candidate_count,overall_mean_loss,5,991,1102.250252270434,0.09877788989797062
all,candidate_count,overall_mean_loss,6,1009,1149.4717542120911,0.09722497522299307
all,candidate_count,overall_mean_loss,7,988,1196.093117408907,0.09489428699955016
all,candidate_count,overall_mean_loss,8,992,1250.2590725806451,0.08933691756272401
all,candidate_count,overall_mean_loss,9,1021,1355.594515181195,0.08501469147894222
all,candidate_count,between_subset_variability,0,994,567.7766599597586,0.0009754825247782994
all,candidate_count,between_subset_variability,1,1006,783.3956262425447,0.0010202979652946518
all,candidate_count,between_subset_variability,2,992,905.4788306451613,0.001031710473914775
all,candidate_count,between_subset_variability,3,1005,986.6646766169155,0.001041459369817579
all,candidate_count,between_subset_variability,4,1002,1050.441117764471,0.0010487666642024591
all,candidate_count,between_subset_variability,5,991,1102.250252270434,0.0009864085410671351
all,candidate_count,between_subset_variability,6,1009,1149.4717542120911,0.0010813787027860369
all,candidate_count,between_subset_variability,7,988,1196.093117408907,0.0010078972359674114
all,candidate_count,between_subset_variability,8,992,1250.2590725806451,0.0009781959378733574
all,candidate_count,between_subset_variability,9,1021,1355.594515181195,0.0010048246091341098
all,candidate_count,within_subset_variability,0,994,567.7766599597586,0.002652954765630822
all,candidate_count,within_subset_variability,1,1006,783.3956262425447,0.002665488550180399
all,candidate_count,within_subset_variability,2,992,905.4788306451613,0.0027501493428912786
all,candidate_count,within_subset_variability,3,1005,986.6646766169155,0.0029216878570112403
all,candidate_count,within_subset_variability,4,1002,1050.441117764471,0.0027167886449323574
all,candidate_count,within_subset_variability,5,991,1102.250252270434,0.0027506820645064847
all,candidate_count,within_subset_variability,6,1009,1149.4717542120911,0.002745659435451309
all,candidate_count,within_subset_variability,7,988,1196.093117408907,0.0027440395861448494
all,candidate_count,within_subset_variability,8,992,1250.2590725806451,0.0026560633213859024
all,candidate_count,within_subset_variability,9,1021,1355.594515181195,0.0026430151993325356
all,oracle_recall,harmful_frequency_all,0,450,0.645111111111111,0.21950617283950616
all,oracle_recall,harmful_frequency_all,1,674,0.7999999999999999,0.4047148038245961
all,oracle_recall,harmful_frequency_all,2,8876,0.980396575033799,0.7530043563166591
all,oracle_recall,harmful_subset_frequency,0,450,0.645111111111111,0.17185185185185184
all,oracle_recall,harmful_subset_frequency,1,674,0.7999999999999999,0.38625123639960435
all,oracle_recall,harmful_subset_frequency,2,8876,0.980396575033799,0.7972810575334234
all,oracle_recall,overall_mean_loss,0,450,0.645111111111111,0.0245679012345679
all,oracle_recall,overall_mean_loss,1,674,0.7999999999999999,0.049423013517969
all,oracle_recall,overall_mean_loss,2,8876,0.980396575033799,0.10815182013920185
all,oracle_recall,between_subset_variability,0,450,0.645111111111111,0.0004384087791495199
all,oracle_recall,between_subset_variability,1,674,0.7999999999999999,0.00074477048759937
all,oracle_recall,between_subset_variability,2,8876,0.980396575033799,0.0010678817618880712
all,oracle_recall,within_subset_variability,0,450,0.645111111111111,0.0012000000000000001
all,oracle_recall,within_subset_variability,1,674,0.7999999999999999,0.002050774810418728
all,oracle_recall,within_subset_variability,2,8876,0.980396575033799,0.0028530535943785155
oracle1,d1,harmful_frequency_all,0,714,7201.217086834734,0.7598817304699659
oracle1,d1,harmful_frequency_all,1,713,14859.0603085554,0.7478572541686146
oracle1,d1,harmful_frequency_all,2,713,21055.138849929874,0.7807386629266013
oracle1,d1,harmful_frequency_all,3,714,26410.558823529413,0.7880485527544352
oracle1,d1,harmful_frequency_all,4,714,31311.18767507003,0.7911609088079676
oracle1,d1,harmful_frequency_all,5,714,35850.73949579832,0.8173046996576409
oracle1,d1,harmful_frequency_all,6,713,40443.381486676015,0.8022440392706872
oracle1,d1,harmful_frequency_all,7,713,45533.92847124825,0.8034907277544024
oracle1,d1,harmful_frequency_all,8,714,51394.13585434174,0.8000311235605353
oracle1,d1,harmful_frequency_all,9,714,62996.31932773109,0.809368191721133
oracle1,d1,harmful_subset_frequency,0,714,7201.217086834734,0.7992530345471521
oracle1,d1,harmful_subset_frequency,1,713,14859.0603085554,0.7896213183730715
oracle1,d1,harmful_subset_frequency,2,713,21055.138849929874,0.8223468910705937
oracle1,d1,harmful_subset_frequency,3,714,26410.558823529413,0.834733893557423
oracle1,d1,harmful_subset_frequency,4,714,31311.18767507003,0.84640522875817
oracle1,d1,harmful_subset_frequency,5,714,35850.73949579832,0.8646125116713351
oracle1,d1,harmful_subset_frequency,6,713,40443.381486676015,0.8583450210378681
oracle1,d1,harmful_subset_frequency,7,713,45533.92847124825,0.8578775128564751
oracle1,d1,harmful_subset_frequency,8,714,51394.13585434174,0.8496732026143792
oracle1,d1,harmful_subset_frequency,9,714,62996.31932773109,0.8496732026143792
oracle1,d1,overall_mean_loss,0,714,7201.217086834734,0.11162464985994398
oracle1,d1,overall_mean_loss,1,713,14859.0603085554,0.10676328502415458
oracle1,d1,overall_mean_loss,2,713,21055.138849929874,0.11374474053295934
oracle1,d1,overall_mean_loss,3,714,26410.558823529413,0.11268285091814505
oracle1,d1,overall_mean_loss,4,714,31311.18767507003,0.1131185807656396
oracle1,d1,overall_mean_loss,5,714,35850.73949579832,0.12055711173358233
oracle1,d1,overall_mean_loss,6,713,40443.381486676015,0.11650303880317905
oracle1,d1,overall_mean_loss,7,713,45533.92847124825,0.11955742558828114
oracle1,d1,overall_mean_loss,8,714,51394.13585434174,0.1165266106442577
oracle1,d1,overall_mean_loss,9,714,62996.31932773109,0.12097727980080919
oracle1,d1,between_subset_variability,0,714,7201.217086834734,0.0010035619185945982
oracle1,d1,between_subset_variability,1,713,14859.0603085554,0.0009859228092047167
oracle1,d1,between_subset_variability,2,713,21055.138849929874,0.0011237511471265563
oracle1,d1,between_subset_variability,3,714,26410.558823529413,0.0010523221634332746
oracle1,d1,between_subset_variability,4,714,31311.18767507003,0.0010851748106650069
oracle1,d1,between_subset_variability,5,714,35850.73949579832,0.0011041947643254835
oracle1,d1,between_subset_variability,6,713,40443.381486676015,0.0011157861929250428
oracle1,d1,between_subset_variability,7,713,45533.92847124825,0.0011095527505064673
oracle1,d1,between_subset_variability,8,714,51394.13585434174,0.0011989487152885847
oracle1,d1,between_subset_variability,9,714,62996.31932773109,0.0011501884704499083
oracle1,d1,within_subset_variability,0,714,7201.217086834734,0.0027461354912335307
oracle1,d1,within_subset_variability,1,713,14859.0603085554,0.002720897615708275
oracle1,d1,within_subset_variability,2,713,21055.138849929874,0.0028206326944054854
oracle1,d1,within_subset_variability,3,714,26410.558823529413,0.0027575474634298166
oracle1,d1,within_subset_variability,4,714,31311.18767507003,0.0029038281979458457
oracle1,d1,within_subset_variability,5,714,35850.73949579832,0.002806307708268493
oracle1,d1,within_subset_variability,6,713,40443.381486676015,0.002915173237753883
oracle1,d1,within_subset_variability,7,713,45533.92847124825,0.0031187990234273545
oracle1,d1,within_subset_variability,8,714,51394.13585434174,0.0029629629629629632
oracle1,d1,within_subset_variability,9,714,62996.31932773109,0.0030169104678908604
oracle1,dk,harmful_frequency_all,0,714,15915.932773109243,0.8148148148148149
oracle1,dk,harmful_frequency_all,1,713,27816.34221598878,0.7921146953405017
oracle1,dk,harmful_frequency_all,2,714,34484.815126050424,0.7760659819483349
oracle1,dk,harmful_frequency_all,3,713,39892.35624123422,0.7936730559451457
oracle1,dk,harmful_frequency_all,4,714,44724.296918767504,0.7944288826641767
oracle1,dk,harmful_frequency_all,5,713,49521.13884992988,0.785881252921926
oracle1,dk,harmful_frequency_all,6,714,54149.182072829135,0.78182384064737
oracle1,dk,harmful_frequency_all,7,713,58850.0,0.7832320398940315
oracle1,dk,harmful_frequency_all,8,714,65176.39355742297,0.7925614690320573
oracle1,dk,harmful_frequency_all,9,714,77237.81792717087,0.7855586679116091
oracle1,dk,harmful_subset_frequency,0,714,15915.932773109243,0.8580765639589168
oracle1,dk,harmful_subset_frequency,1,713,27816.34221598878,0.8363721365123888
oracle1,dk,harmful_subset_frequency,2,714,34484.815126050424,0.8230625583566761
oracle1,dk,harmful_subset_frequency,3,713,39892.35624123422,0.8419822346891069
oracle1,dk,harmful_subset_frequency,4,714,44724.296918767504,0.8389355742296919
oracle1,dk,harmful_subset_frequency,5,713,49521.13884992988,0.839177185600748
oracle1,dk,harmful_subset_frequency,6,714,54149.182072829135,0.8295985060690944
oracle1,dk,harmful_subset_frequency,7,713,58850.0,0.8382421692379616
oracle1,dk,harmful_subset_frequency,8,714,65176.39355742297,0.84640522875817
oracle1,dk,harmful_subset_frequency,9,714,77237.81792717087,0.8207282913165266
oracle1,dk,overall_mean_loss,0,714,15915.932773109243,0.1270152505446623
oracle1,dk,overall_mean_loss,1,713,27816.34221598878,0.11813931743805518
oracle1,dk,overall_mean_loss,2,714,34484.815126050424,0.1119514472455649
oracle1,dk,overall_mean_loss,3,713,39892.35624123422,0.1145239208352813
oracle1,dk,overall_mean_loss,4,714,44724.296918767504,0.1151571739807034
oracle1,dk,overall_mean_loss,5,713,49521.13884992988,0.11262272089761573
oracle1,dk,overall_mean_loss,6,714,54149.182072829135,0.1141923436041083
oracle1,dk,overall_mean_loss,7,713,58850.0,0.1113760324139006
oracle1,dk,overall_mean_loss,8,714,65176.39355742297,0.11450357920946157
oracle1,dk,overall_mean_loss,9,714,77237.81792717087,0.11257391845627138
oracle1,dk,between_subset_variability,0,714,15915.932773109243,0.0011443095756821246
oracle1,dk,between_subset_variability,1,713,27816.34221598878,0.0010839263761189895
oracle1,dk,between_subset_variability,2,714,34484.815126050424,0.0010426392779333959
oracle1,dk,between_subset_variability,3,713,39892.35624123422,0.0011462608003047462
oracle1,dk,between_subset_variability,4,714,44724.296918767504,0.001063388318290279
oracle1,dk,between_subset_variability,5,713,49521.13884992988,0.0010243623707859332
oracle1,dk,between_subset_variability,6,714,54149.182072829135,0.0010806791852543487
oracle1,dk,between_subset_variability,7,713,58850.0,0.0012058248056378027
oracle1,dk,between_subset_variability,8,714,65176.39355742297,0.001073071203790158
oracle1,dk,between_subset_variability,9,714,77237.81792717087,0.001065117404986686
oracle1,dk,within_subset_variability,0,714,15915.932773109243,0.003046996576408341
oracle1,dk,within_subset_variability,1,713,27816.34221598878,0.0030325697366370584
oracle1,dk,within_subset_variability,2,714,34484.815126050424,0.0027565100114119723
oracle1,dk,within_subset_variability,3,713,39892.35624123422,0.0027821931328242695
oracle1,dk,within_subset_variability,4,714,44724.296918767504,0.0028851540616246507
oracle1,dk,within_subset_variability,5,713,49521.13884992988,0.0028102436237078593
oracle1,dk,within_subset_variability,6,714,54149.182072829135,0.002938064114534703
oracle1,dk,within_subset_variability,7,713,58850.0,0.002804010181289284
oracle1,dk,within_subset_variability,8,714,65176.39355742297,0.00291731507417782
oracle1,dk,within_subset_variability,9,714,77237.81792717087,0.002795933188090051
oracle1,dk_plus_1,harmful_frequency_all,0,714,16179.638655462184,0.8211951447245563
oracle1,dk_plus_1,harmful_frequency_all,1,713,28205.535764375876,0.7972572853358267
oracle1,dk_plus_1,harmful_frequency_all,2,714,34943.88515406162,0.7802676626206038
oracle1,dk_plus_1,harmful_frequency_all,3,713,40351.58765778401,0.795387252610254
oracle1,dk_plus_1,harmful_frequency_all,4,714,45230.13585434174,0.7878929349517583
oracle1,dk_plus_1,harmful_frequency_all,5,713,50033.85133239831,0.7950755804893253
oracle1,dk_plus_1,harmful_frequency_all,6,713,54689.54838709677,0.7812061711079944
oracle1,dk_plus_1,harmful_frequency_all,7,714,59417.60364145658,0.7749766573295985
oracle1,dk_plus_1,harmful_frequency_all,8,714,65834.61904761905,0.7863367569249923
oracle1,dk_plus_1,harmful_frequency_all,9,714,77956.36694677871,0.780578898225957
oracle1,dk_plus_1,harmful_subset_frequency,0,714,16179.638655462184,0.865546218487395
oracle1,dk_plus_1,harmful_subset_frequency,1,713,28205.535764375876,0.8419822346891069
oracle1,dk_plus_1,harmful_subset_frequency,2,714,34943.88515406162,0.827264239028945
oracle1,dk_plus_1,harmful_subset_frequency,3,713,40351.58765778401,0.844787283777466
oracle1,dk_plus_1,harmful_subset_frequency,4,714,45230.13585434174,0.831465919701214
oracle1,dk_plus_1,harmful_subset_frequency,5,713,50033.85133239831,0.849462365591398
oracle1,dk_plus_1,harmful_subset_frequency,6,713,54689.54838709677,0.8288920056100981
oracle1,dk_plus_1,harmful_subset_frequency,7,714,59417.60364145658,0.8291316526610645
oracle1,dk_plus_1,harmful_subset_frequency,8,714,65834.61904761905,0.8389355742296919
oracle1,dk_plus_1,harmful_subset_frequency,9,714,77956.36694677871,0.8151260504201681
oracle1,dk_plus_1,overall_mean_loss,0,714,16179.638655462184,0.12880485527544352
oracle1,dk_plus_1,overall_mean_loss,1,713,28205.535764375876,0.11803023219573008
oracle1,dk_plus_1,overall_mean_loss,2,714,34943.88515406162,0.11305633364456895
oracle1,dk_plus_1,overall_mean_loss,3,713,40351.58765778401,0.1149290945924887
oracle1,dk_plus_1,overall_mean_loss,4,714,45230.13585434174,0.11409897292250233
oracle1,dk_plus_1,overall_mean_loss,5,713,50033.85133239831,0.1143680847748169
oracle1,dk_plus_1,overall_mean_loss,6,713,54689.54838709677,0.11340190119993766
oracle1,dk_plus_1,overall_mean_loss,7,714,59417.60364145658,0.11045751633986929
oracle1,dk_plus_1,overall_mean_loss,8,714,65834.61904761905,0.11355431061313415
oracle1,dk_plus_1,overall_mean_loss,9,714,77956.36694677871,0.11136009959539372
oracle1,dk_plus_1,between_subset_variability,0,714,16179.638655462184,0.0011671335200746967
oracle1,dk_plus_1,between_subset_variability,1,713,28205.535764375876,0.0010759614219174763
oracle1,dk_plus_1,between_subset_variability,2,714,34943.88515406162,0.0010595843275581838
oracle1,dk_plus_1,between_subset_variability,3,713,40351.58765778401,0.0011265215659792566
oracle1,dk_plus_1,between_subset_variability,4,714,45230.13585434174,0.001054397067468963
oracle1,dk_plus_1,between_subset_variability,5,713,50033.85133239831,0.0010316347202742717
oracle1,dk_plus_1,between_subset_variability,6,713,54689.54838709677,0.0010950080515297908
oracle1,dk_plus_1,between_subset_variability,7,714,59417.60364145658,0.0012107065048241519
oracle1,dk_plus_1,between_subset_variability,8,714,65834.61904761905,0.0010374520178441748
oracle1,dk_plus_1,between_subset_variability,9,714,77956.36694677871,0.0010709962997544698
oracle1,dk_plus_1,within_subset_variability,0,714,16179.638655462184,0.003113393505550369
oracle1,dk_plus_1,within_subset_variability,1,713,28205.535764375876,0.0029775076619396393
oracle1,dk_plus_1,within_subset_variability,2,714,34943.88515406162,0.002769996887643947
oracle1,dk_plus_1,within_subset_variability,3,713,40351.58765778401,0.002807126902498572
oracle1,dk_plus_1,within_subset_variability,4,714,45230.13585434174,0.0028747795414462082
oracle1,dk_plus_1,within_subset_variability,5,713,50033.85133239831,0.0028330995792426373
oracle1,dk_plus_1,within_subset_variability,6,713,54689.54838709677,0.0029120565165445954
oracle1,dk_plus_1,within_subset_variability,7,714,59417.60364145658,0.00280319535221496
oracle1,dk_plus_1,within_subset_variability,8,714,65834.61904761905,0.0029110903620707543
oracle1,dk_plus_1,within_subset_variability,9,714,77956.36694677871,0.0027668845315904143
oracle1,d20,harmful_frequency_all,0,714,17912.050420168067,0.8277310924369747
oracle1,d20,harmful_frequency_all,1,713,30581.133239831695,0.8067632850241545
oracle1,d20,harmful_frequency_all,2,714,37650.448179271705,0.7854030501089324
oracle1,d20,harmful_frequency_all,3,713,43291.98036465638,0.7971014492753624
oracle1,d20,harmful_frequency_all,4,714,48348.62324929972,0.7888266417678181
oracle1,d20,harmful_frequency_all,5,714,53359.74649859944,0.7927170868347339
oracle1,d20,harmful_frequency_all,6,713,58151.35764375877,0.7832320398940315
oracle1,d20,harmful_frequency_all,7,713,63137.09396914446,0.7600124668848371
oracle1,d20,harmful_frequency_all,8,714,69688.00420168067,0.7916277622159974
oracle1,d20,harmful_frequency_all,9,714,82516.08403361344,0.7667289137877373
oracle1,d20,harmful_subset_frequency,0,714,17912.050420168067,0.8730158730158729
oracle1,d20,harmful_subset_frequency,1,713,30581.133239831695,0.8532024310425431
oracle1,d20,harmful_subset_frequency,2,714,37650.448179271705,0.8309990662931839
oracle1,d20,harmful_subset_frequency,3,713,43291.98036465638,0.847592332865825
oracle1,d20,harmful_subset_frequency,4,714,48348.62324929972,0.8328664799253036
oracle1,d20,harmful_subset_frequency,5,714,53359.74649859944,0.8496732026143792
oracle1,d20,harmful_subset_frequency,6,713,58151.35764375877,0.8307620383356707
oracle1,d20,harmful_subset_frequency,7,713,63137.09396914446,0.8083216456287986
oracle1,d20,harmful_subset_frequency,8,714,69688.00420168067,0.84640522875817
oracle1,d20,harmful_subset_frequency,9,714,82516.08403361344,0.7997198879551821
oracle1,d20,overall_mean_loss,0,714,17912.050420168067,0.13059446000622474
oracle1,d20,overall_mean_loss,1,713,30581.133239831695,0.11991584852734923
oracle1,d20,overall_mean_loss,2,714,37650.448179271705,0.11520385932150638
oracle1,d20,overall_mean_loss,3,713,43291.98036465638,0.11510051425899953
oracle1,d20,overall_mean_loss,4,714,48348.62324929972,0.11399004046062869
oracle1,d20,overall_mean_loss,5,714,53359.74649859944,0.11537503890445067
oracle1,d20,overall_mean_loss,6,713,58151.35764375877,0.11224871435250117
oracle1,d20,overall_mean_loss,7,713,63137.09396914446,0.10749571450833723
oracle1,d20,overall_mean_loss,8,714,69688.00420168067,0.11400560224089637
oracle1,d20,overall_mean_loss,9,714,82516.08403361344,0.10812324929971989
oracle1,d20,between_subset_variability,0,714,17912.050420168067,0.001172666597503199
oracle1,d20,between_subset_variability,1,713,30581.133239831695,0.0010932765397468531
oracle1,d20,between_subset_variability,2,714,37650.448179271705,0.0011000449562541066
oracle1,d20,between_subset_variability,3,713,43291.98036465638,0.0011244437518397312
oracle1,d20,between_subset_variability,4,714,48348.62324929972,0.0010533596154511187
oracle1,d20,between_subset_variability,5,714,53359.74649859944,0.0010488639900404608
oracle1,d20,between_subset_variability,6,713,58151.35764375877,0.0011133620764289301
oracle1,d20,between_subset_variability,7,713,63137.09396914446,0.0011157861929250432
oracle1,d20,between_subset_variability,8,714,69688.00420168067,0.0010644257703081232
oracle1,d20,between_subset_variability,9,714,82516.08403361344,0.0010433309126119585
oracle1,d20,within_subset_variability,0,714,17912.050420168067,0.0031663035584604217
oracle1,d20,within_subset_variability,1,713,30581.133239831695,0.0029775076619396393
oracle1,d20,within_subset_variability,2,714,37650.448179271705,0.0028644050212677666
oracle1,d20,within_subset_variability,3,713,43291.98036465638,0.0028081658095683347
oracle1,d20,within_subset_variability,4,714,48348.62324929972,0.002794895736072207
oracle1,d20,within_subset_variability,5,714,53359.74649859944,0.0029432513746239244
oracle1,d20,within_subset_variability,6,713,58151.35764375877,0.002852838813568127
oracle1,d20,within_subset_variability,7,713,63137.09396914446,0.0027437535712430527
oracle1,d20,within_subset_variability,8,714,69688.00420168067,0.0028612926652142345
oracle1,d20,within_subset_variability,9,714,82516.08403361344,0.0027565100114119727
oracle1,boundary_margin,harmful_frequency_all,0,709,22.090267983074753,0.9086350101864913
oracle1,boundary_margin,harmful_frequency_all,1,710,71.84084507042253,0.8892018779342723
oracle1,boundary_margin,harmful_frequency_all,2,713,130.58625525946704,0.8740844631447716
oracle1,boundary_margin,harmful_frequency_all,3,714,200.5560224089636,0.8604108309990663
oracle1,boundary_margin,harmful_frequency_all,4,722,282.9058171745152,0.8476454293628809
oracle1,boundary_margin,harmful_frequency_all,5,706,379.8583569405099,0.8226314132829714
oracle1,boundary_margin,harmful_frequency_all,6,715,500.83216783216784,0.7920745920745921
oracle1,boundary_margin,harmful_frequency_all,7,719,675.3421418636996,0.7552155771905424
oracle1,boundary_margin,harmful_frequency_all,8,714,959.187675070028,0.6928104575163399
oracle1,boundary_margin,harmful_frequency_all,9,714,1851.6134453781513,0.4589169000933707
oracle1,boundary_margin,harmful_subset_frequency,0,709,22.090267983074753,0.9543958627174425
oracle1,boundary_margin,harmful_subset_frequency,1,710,71.84084507042253,0.9361502347417839
oracle1,boundary_margin,harmful_subset_frequency,2,713,130.58625525946704,0.9322113136979897
oracle1,boundary_margin,harmful_subset_frequency,3,714,200.5560224089636,0.9131652661064426
oracle1,boundary_margin,harmful_subset_frequency,4,722,282.9058171745152,0.8998153277931671
oracle1,boundary_margin,harmful_subset_frequency,5,706,379.8583569405099,0.8829084041548629
oracle1,boundary_margin,harmful_subset_frequency,6,715,500.83216783216784,0.8550116550116551
oracle1,boundary_margin,harmful_subset_frequency,7,719,675.3421418636996,0.81733889661567
oracle1,boundary_margin,harmful_subset_frequency,8,714,959.187675070028,0.7324929971988795
oracle1,boundary_margin,harmful_subset_frequency,9,714,1851.6134453781513,0.4505135387488329
oracle1,boundary_margin,overall_mean_loss,0,709,22.090267983074753,0.15007052186177716
oracle1,boundary_margin,overall_mean_loss,1,710,71.84084507042253,0.14026604068857593
oracle1,boundary_margin,overall_mean_loss,2,713,130.58625525946704,0.1361851332398317
oracle1,boundary_margin,overall_mean_loss,3,714,200.5560224089636,0.1305944600062247
oracle1,boundary_margin,overall_mean_loss,4,722,282.9058171745152,0.12540781779008928
oracle1,boundary_margin,overall_mean_loss,5,706,379.8583569405099,0.11768964431853952
oracle1,boundary_margin,overall_mean_loss,6,715,500.83216783216784,0.11011655011655014
oracle1,boundary_margin,overall_mean_loss,7,719,675.3421418636996,0.10258074486169062
oracle1,boundary_margin,overall_mean_loss,8,714,959.187675070028,0.08639900404606288
oracle1,boundary_margin,overall_mean_loss,9,714,1851.6134453781513,0.05317460317460318
oracle1,boundary_margin,between_subset_variability,0,709,22.090267983074753,0.0012808859635375855
oracle1,boundary_margin,between_subset_variability,1,710,71.84084507042253,0.001139280125195618
oracle1,boundary_margin,between_subset_variability,2,713,130.58625525946704,0.0012238325281803545
oracle1,boundary_margin,between_subset_variability,3,714,200.5560224089636,0.0012401009786630703
oracle1,boundary_margin,between_subset_variability,4,722,282.9058171745152,0.0011179508224752916
oracle1,boundary_margin,between_subset_variability,5,706,379.8583569405099,0.0011408386668065613
oracle1,boundary_margin,between_subset_variability,6,715,500.83216783216784,0.0010829664162997498
oracle1,boundary_margin,between_subset_variability,7,719,675.3421418636996,0.0010408832569240543
oracle1,boundary_margin,between_subset_variability,8,714,959.187675070028,0.0009541100390773595
oracle1,boundary_margin,between_subset_variability,9,714,1851.6134453781513,0.0007110004495625412
oracle1,boundary_margin,within_subset_variability,0,709,22.090267983074753,0.0033140051193647807
oracle1,boundary_margin,within_subset_variability,1,710,71.84084507042253,0.0031747522170057383
oracle1,boundary_margin,within_subset_variability,2,713,130.58625525946704,0.0031094488597994906
oracle1,boundary_margin,within_subset_variability,3,714,200.5560224089636,0.0030449216723726527
oracle1,boundary_margin,within_subset_variability,4,722,282.9058171745152,0.003050169282856264
oracle1,boundary_margin,within_subset_variability,5,706,379.8583569405099,0.0030122757318224746
oracle1,boundary_margin,within_subset_variability,6,715,500.83216783216784,0.0029484589484589487
oracle1,boundary_margin,within_subset_variability,7,719,675.3421418636996,0.00290320918971823
oracle1,boundary_margin,within_subset_variability,8,714,959.187675070028,0.0023550160805062767
oracle1,boundary_margin,within_subset_variability,9,714,1851.6134453781513,0.0018611889200124496
oracle1,relative_boundary_margin,harmful_frequency_all,0,714,0.0005520573831034551,0.9074074074074074
oracle1,relative_boundary_margin,harmful_frequency_all,1,713,0.0017844618110237447,0.8862396758609943
oracle1,relative_boundary_margin,harmful_frequency_all,2,714,0.003153385600025454,0.8600995953937131
oracle1,relative_boundary_margin,harmful_frequency_all,3,713,0.004751690033926441,0.863487611033193
oracle1,relative_boundary_margin,harmful_frequency_all,4,714,0.00664727244656016,0.8516962340491752
oracle1,relative_boundary_margin,harmful_frequency_all,5,714,0.008847080674809254,0.8317771553065672
oracle1,relative_boundary_margin,harmful_frequency_all,6,713,0.011578542896355525,0.795387252610254
oracle1,relative_boundary_margin,harmful_frequency_all,7,713,0.015454061296813313,0.7542465326476547
oracle1,relative_boundary_margin,harmful_frequency_all,8,714,0.0216283522100756,0.6893868658574541
oracle1,relative_boundary_margin,harmful_frequency_all,9,714,0.04346876016661628,0.4606286959228136
oracle1,relative_boundary_margin,harmful_subset_frequency,0,714,0.0005520573831034551,0.9565826330532213
oracle1,relative_boundary_margin,harmful_subset_frequency,1,713,0.0017844618110237447,0.9280037400654513
oracle1,relative_boundary_margin,harmful_subset_frequency,2,714,0.003153385600025454,0.9201680672268907
oracle1,relative_boundary_margin,harmful_subset_frequency,3,713,0.004751690033926441,0.9144460028050491
oracle1,relative_boundary_margin,harmful_subset_frequency,4,714,0.00664727244656016,0.9140989729225024
oracle1,relative_boundary_margin,harmful_subset_frequency,5,714,0.008847080674809254,0.8893557422969187
oracle1,relative_boundary_margin,harmful_subset_frequency,6,713,0.011578542896355525,0.8569424964936886
oracle1,relative_boundary_margin,harmful_subset_frequency,7,713,0.015454061296813313,0.8055165965404394
oracle1,relative_boundary_margin,harmful_subset_frequency,8,714,0.0216283522100756,0.7366946778711485
oracle1,relative_boundary_margin,harmful_subset_frequency,9,714,0.04346876016661628,0.45098039215686275
oracle1,relative_boundary_margin,overall_mean_loss,0,714,0.0005520573831034551,0.14632741985683165
oracle1,relative_boundary_margin,overall_mean_loss,1,713,0.0017844618110237447,0.13920835281284089
oracle1,relative_boundary_margin,overall_mean_loss,2,714,0.003153385600025454,0.13253968253968254
oracle1,relative_boundary_margin,overall_mean_loss,3,713,0.004751690033926441,0.1338008415147265
oracle1,relative_boundary_margin,overall_mean_loss,4,714,0.00664727244656016,0.12622159975101152
oracle1,relative_boundary_margin,overall_mean_loss,5,714,0.008847080674809254,0.1196545284780579
oracle1,relative_boundary_margin,overall_mean_loss,6,713,0.011578542896355525,0.11045659965716068
oracle1,relative_boundary_margin,overall_mean_loss,7,713,0.015454061296813313,0.10171419666510831
oracle1,relative_boundary_margin,overall_mean_loss,8,714,0.0216283522100756,0.08832866479925303
oracle1,relative_boundary_margin,overall_mean_loss,9,714,0.04346876016661628,0.053843759726112675
oracle1,relative_boundary_margin,between_subset_variability,0,714,0.0005520573831034551,0.0012190061209669052
oracle1,relative_boundary_margin,between_subset_variability,1,713,0.0017844618110237447,0.0012182916904749537
oracle1,relative_boundary_margin,between_subset_variability,2,714,0.003153385600025454,0.001159525538610506
oracle1,relative_boundary_margin,between_subset_variability,3,713,0.004751690033926441,0.0012394161342267937
oracle1,relative_boundary_margin,between_subset_variability,4,714,0.00664727244656016,0.00121762285160978
oracle1,relative_boundary_margin,between_subset_variability,5,714,0.008847080674809254,0.0011090362070754229
oracle1,relative_boundary_margin,between_subset_variability,6,713,0.011578542896355525,0.0010250549754991084
oracle1,relative_boundary_margin,between_subset_variability,7,713,0.015454061296813313,0.0010908524232507405
oracle1,relative_boundary_margin,between_subset_variability,8,714,0.0216283522100756,0.0009727841753985546
oracle1,relative_boundary_margin,between_subset_variability,9,714,0.04346876016661628,0.0006781478023308089
oracle1,relative_boundary_margin,within_subset_variability,0,714,0.0005520573831034551,0.003214026351281254
oracle1,relative_boundary_margin,within_subset_variability,1,713,0.0017844618110237447,0.003160355306217859
oracle1,relative_boundary_margin,within_subset_variability,2,714,0.003153385600025454,0.00313103018985372
oracle1,relative_boundary_margin,within_subset_variability,3,713,0.004751690033926441,0.0031551607708690463
oracle1,relative_boundary_margin,within_subset_variability,4,714,0.00664727244656016,0.003053221288515407
oracle1,relative_boundary_margin,within_subset_variability,5,714,0.008847080674809254,0.0030044610436767306
oracle1,relative_boundary_margin,within_subset_variability,6,713,0.011578542896355525,0.0028455664640797884
oracle1,relative_boundary_margin,within_subset_variability,7,713,0.015454061296813313,0.0027614149914290172
oracle1,relative_boundary_margin,within_subset_variability,8,714,0.0216283522100756,0.002587405332503372
oracle1,relative_boundary_margin,within_subset_variability,9,714,0.04346876016661628,0.0018570391119410727
oracle1,boundary_gap_r1,harmful_frequency_all,0,709,22.090267983074753,0.9086350101864913
oracle1,boundary_gap_r1,harmful_frequency_all,1,710,71.84084507042253,0.8892018779342723
oracle1,boundary_gap_r1,harmful_frequency_all,2,713,130.58625525946704,0.8740844631447716
oracle1,boundary_gap_r1,harmful_frequency_all,3,714,200.5560224089636,0.8604108309990663
oracle1,boundary_gap_r1,harmful_frequency_all,4,722,282.9058171745152,0.8476454293628809
oracle1,boundary_gap_r1,harmful_frequency_all,5,706,379.8583569405099,0.8226314132829714
oracle1,boundary_gap_r1,harmful_frequency_all,6,715,500.83216783216784,0.7920745920745921
oracle1,boundary_gap_r1,harmful_frequency_all,7,719,675.3421418636996,0.7552155771905424
oracle1,boundary_gap_r1,harmful_frequency_all,8,714,959.187675070028,0.6928104575163399
oracle1,boundary_gap_r1,harmful_frequency_all,9,714,1851.6134453781513,0.4589169000933707
oracle1,boundary_gap_r1,harmful_subset_frequency,0,709,22.090267983074753,0.9543958627174425
oracle1,boundary_gap_r1,harmful_subset_frequency,1,710,71.84084507042253,0.9361502347417839
oracle1,boundary_gap_r1,harmful_subset_frequency,2,713,130.58625525946704,0.9322113136979897
oracle1,boundary_gap_r1,harmful_subset_frequency,3,714,200.5560224089636,0.9131652661064426
oracle1,boundary_gap_r1,harmful_subset_frequency,4,722,282.9058171745152,0.8998153277931671
oracle1,boundary_gap_r1,harmful_subset_frequency,5,706,379.8583569405099,0.8829084041548629
oracle1,boundary_gap_r1,harmful_subset_frequency,6,715,500.83216783216784,0.8550116550116551
oracle1,boundary_gap_r1,harmful_subset_frequency,7,719,675.3421418636996,0.81733889661567
oracle1,boundary_gap_r1,harmful_subset_frequency,8,714,959.187675070028,0.7324929971988795
oracle1,boundary_gap_r1,harmful_subset_frequency,9,714,1851.6134453781513,0.4505135387488329
oracle1,boundary_gap_r1,overall_mean_loss,0,709,22.090267983074753,0.15007052186177716
oracle1,boundary_gap_r1,overall_mean_loss,1,710,71.84084507042253,0.14026604068857593
oracle1,boundary_gap_r1,overall_mean_loss,2,713,130.58625525946704,0.1361851332398317
oracle1,boundary_gap_r1,overall_mean_loss,3,714,200.5560224089636,0.1305944600062247
oracle1,boundary_gap_r1,overall_mean_loss,4,722,282.9058171745152,0.12540781779008928
oracle1,boundary_gap_r1,overall_mean_loss,5,706,379.8583569405099,0.11768964431853952
oracle1,boundary_gap_r1,overall_mean_loss,6,715,500.83216783216784,0.11011655011655014
oracle1,boundary_gap_r1,overall_mean_loss,7,719,675.3421418636996,0.10258074486169062
oracle1,boundary_gap_r1,overall_mean_loss,8,714,959.187675070028,0.08639900404606288
oracle1,boundary_gap_r1,overall_mean_loss,9,714,1851.6134453781513,0.05317460317460318
oracle1,boundary_gap_r1,between_subset_variability,0,709,22.090267983074753,0.0012808859635375855
oracle1,boundary_gap_r1,between_subset_variability,1,710,71.84084507042253,0.001139280125195618
oracle1,boundary_gap_r1,between_subset_variability,2,713,130.58625525946704,0.0012238325281803545
oracle1,boundary_gap_r1,between_subset_variability,3,714,200.5560224089636,0.0012401009786630703
oracle1,boundary_gap_r1,between_subset_variability,4,722,282.9058171745152,0.0011179508224752916
oracle1,boundary_gap_r1,between_subset_variability,5,706,379.8583569405099,0.0011408386668065613
oracle1,boundary_gap_r1,between_subset_variability,6,715,500.83216783216784,0.0010829664162997498
oracle1,boundary_gap_r1,between_subset_variability,7,719,675.3421418636996,0.0010408832569240543
oracle1,boundary_gap_r1,between_subset_variability,8,714,959.187675070028,0.0009541100390773595
oracle1,boundary_gap_r1,between_subset_variability,9,714,1851.6134453781513,0.0007110004495625412
oracle1,boundary_gap_r1,within_subset_variability,0,709,22.090267983074753,0.0033140051193647807
oracle1,boundary_gap_r1,within_subset_variability,1,710,71.84084507042253,0.0031747522170057383
oracle1,boundary_gap_r1,within_subset_variability,2,713,130.58625525946704,0.0031094488597994906
oracle1,boundary_gap_r1,within_subset_variability,3,714,200.5560224089636,0.0030449216723726527
oracle1,boundary_gap_r1,within_subset_variability,4,722,282.9058171745152,0.003050169282856264
oracle1,boundary_gap_r1,within_subset_variability,5,706,379.8583569405099,0.0030122757318224746
oracle1,boundary_gap_r1,within_subset_variability,6,715,500.83216783216784,0.0029484589484589487
oracle1,boundary_gap_r1,within_subset_variability,7,719,675.3421418636996,0.00290320918971823
oracle1,boundary_gap_r1,within_subset_variability,8,714,959.187675070028,0.0023550160805062767
oracle1,boundary_gap_r1,within_subset_variability,9,714,1851.6134453781513,0.0018611889200124496
oracle1,boundary_gap_r2,harmful_frequency_all,0,714,287.890756302521,0.9449112978524744
oracle1,boundary_gap_r2,harmful_frequency_all,1,713,532.3338008415147,0.9130434782608695
oracle1,boundary_gap_r2,harmful_frequency_all,2,712,724.0814606741573,0.9041822721598003
oracle1,boundary_gap_r2,harmful_frequency_all,3,713,913.7601683029453,0.8591242013401903
oracle1,boundary_gap_r2,harmful_frequency_all,4,715,1112.8895104895105,0.8456876456876458
oracle1,boundary_gap_r2,harmful_frequency_all,5,715,1333.8419580419582,0.8194250194250194
oracle1,boundary_gap_r2,harmful_frequency_all,6,713,1595.9733520336606,0.7724793517219886
oracle1,boundary_gap_r2,harmful_frequency_all,7,713,1933.391304347826,0.7277544023687081
oracle1,boundary_gap_r2,harmful_frequency_all,8,713,2445.65778401122,0.6401745363877202
oracle1,boundary_gap_r2,harmful_frequency_all,9,715,4030.0013986013987,0.4739704739704739
oracle1,boundary_gap_r2,harmful_subset_frequency,0,714,287.890756302521,0.9794584500466854
oracle1,boundary_gap_r2,harmful_subset_frequency,1,713,532.3338008415147,0.9560542309490417
oracle1,boundary_gap_r2,harmful_subset_frequency,2,712,724.0814606741573,0.9578651685393258
oracle1,boundary_gap_r2,harmful_subset_frequency,3,713,913.7601683029453,0.9209911173445536
oracle1,boundary_gap_r2,harmful_subset_frequency,4,715,1112.8895104895105,0.9095571095571094
oracle1,boundary_gap_r2,harmful_subset_frequency,5,715,1333.8419580419582,0.8834498834498835
oracle1,boundary_gap_r2,harmful_subset_frequency,6,713,1595.9733520336606,0.847124824684432
oracle1,boundary_gap_r2,harmful_subset_frequency,7,713,1933.391304347826,0.7807386629266012
oracle1,boundary_gap_r2,harmful_subset_frequency,8,713,2445.65778401122,0.6704067321178121
oracle1,boundary_gap_r2,harmful_subset_frequency,9,715,4030.0013986013987,0.46759906759906766
oracle1,boundary_gap_r2,overall_mean_loss,0,714,287.890756302521,0.17721755368814193
oracle1,boundary_gap_r2,overall_mean_loss,1,713,532.3338008415147,0.1516284868318529
oracle1,boundary_gap_r2,overall_mean_loss,2,712,724.0814606741573,0.1444756554307116
oracle1,boundary_gap_r2,overall_mean_loss,3,713,913.7601683029453,0.1287361695496338
oracle1,boundary_gap_r2,overall_mean_loss,4,715,1112.8895104895105,0.12192696192696192
oracle1,boundary_gap_r2,overall_mean_loss,5,715,1333.8419580419582,0.11198135198135198
oracle1,boundary_gap_r2,overall_mean_loss,6,713,1595.9733520336606,0.10010908524232508
oracle1,boundary_gap_r2,overall_mean_loss,7,713,1933.391304347826,0.09072775440236872
oracle1,boundary_gap_r2,overall_mean_loss,8,713,2445.65778401122,0.0744740532959327
oracle1,boundary_gap_r2,overall_mean_loss,9,715,4030.0013986013987,0.05090909090909092
oracle1,boundary_gap_r2,between_subset_variability,0,714,287.890756302521,0.0015108759553203997
oracle1,boundary_gap_r2,between_subset_variability,1,713,532.3338008415147,0.0013356881893581286
oracle1,boundary_gap_r2,between_subset_variability,2,712,724.0814606741573,0.0013136357331113885
oracle1,boundary_gap_r2,between_subset_variability,3,713,913.7601683029453,0.0011943968278704138
oracle1,boundary_gap_r2,between_subset_variability,4,715,1112.8895104895105,0.0011544504877838214
oracle1,boundary_gap_r2,between_subset_variability,5,715,1333.8419580419582,0.0011033411033411036
oracle1,boundary_gap_r2,between_subset_variability,6,713,1595.9733520336606,0.000945405433483975
oracle1,boundary_gap_r2,between_subset_variability,7,713,1933.391304347826,0.0009467906429103253
oracle1,boundary_gap_r2,between_subset_variability,8,713,2445.65778401122,0.000841514726507714
oracle1,boundary_gap_r2,between_subset_variability,9,715,4030.0013986013987,0.0005843045843045845
oracle1,boundary_gap_r2,within_subset_variability,0,714,287.890756302521,0.0038977072310405645
oracle1,boundary_gap_r2,within_subset_variability,1,713,532.3338008415147,0.0035364396654719243
oracle1,boundary_gap_r2,within_subset_variability,2,712,724.0814606741573,0.003485226799833541
oracle1,boundary_gap_r2,within_subset_variability,3,713,913.7601683029453,0.0032008726819386
oracle1,boundary_gap_r2,within_subset_variability,4,715,1112.8895104895105,0.003095571095571096
oracle1,boundary_gap_r2,within_subset_variability,5,715,1333.8419580419582,0.002811706811706812
oracle1,boundary_gap_r2,within_subset_variability,6,713,1595.9733520336606,0.002652329749103943
oracle1,boundary_gap_r2,within_subset_variability,7,713,1933.391304347826,0.00243208145031427
oracle1,boundary_gap_r2,within_subset_variability,8,713,2445.65778401122,0.002111059165757623
oracle1,boundary_gap_r2,within_subset_variability,9,715,4030.0013986013987,0.0015488215488215491
oracle1,boundary_gap_r5,harmful_frequency_all,0,714,1517.3809523809523,0.9358854652972299
oracle1,boundary_gap_r5,harmful_frequency_all,1,713,2398.0028050490882,0.8993299049400031
oracle1,boundary_gap_r5,harmful_frequency_all,2,714,2933.607843137255,0.8795518207282913
oracle1,boundary_gap_r5,harmful_frequency_all,3,712,3410.5941011235955,0.8501872659176031
oracle1,boundary_gap_r5,harmful_frequency_all,4,715,3910.993006993007,0.8135198135198136
oracle1,boundary_gap_r5,harmful_frequency_all,5,713,4431.542776998597,0.7925822035218949
oracle1,boundary_gap_r5,harmful_frequency_all,6,714,5041.375350140056,0.7676626206037971
oracle1,boundary_gap_r5,harmful_frequency_all,7,713,5811.262272089762,0.7054698457223001
oracle1,boundary_gap_r5,harmful_frequency_all,8,714,6951.6596638655465,0.6750700280112045
oracle1,boundary_gap_r5,harmful_frequency_all,9,714,10756.281512605043,0.5810768751945223
oracle1,boundary_gap_r5,harmful_subset_frequency,0,714,1517.3809523809523,0.9710550887021476
oracle1,boundary_gap_r5,harmful_subset_frequency,1,713,2398.0028050490882,0.949041608228144
oracle1,boundary_gap_r5,harmful_subset_frequency,2,714,2933.607843137255,0.9309056956115779
oracle1,boundary_gap_r5,harmful_subset_frequency,3,712,3410.5941011235955,0.9096441947565542
oracle1,boundary_gap_r5,harmful_subset_frequency,4,715,3910.993006993007,0.8736596736596738
oracle1,boundary_gap_r5,harmful_subset_frequency,5,713,4431.542776998597,0.8508648901355773
oracle1,boundary_gap_r5,harmful_subset_frequency,6,714,5041.375350140056,0.8239962651727356
oracle1,boundary_gap_r5,harmful_subset_frequency,7,713,5811.262272089762,0.7568957456755493
oracle1,boundary_gap_r5,harmful_subset_frequency,8,714,6951.6596638655465,0.7208216619981326
oracle1,boundary_gap_r5,harmful_subset_frequency,9,714,10756.281512605043,0.5859010270774977
oracle1,boundary_gap_r5,overall_mean_loss,0,714,1517.3809523809523,0.17755991285403053
oracle1,boundary_gap_r5,overall_mean_loss,1,713,2398.0028050490882,0.15064671965092724
oracle1,boundary_gap_r5,overall_mean_loss,2,714,2933.607843137255,0.13876439464674759
oracle1,boundary_gap_r5,overall_mean_loss,3,712,3410.5941011235955,0.12507802746566793
oracle1,boundary_gap_r5,overall_mean_loss,4,715,3910.993006993007,0.11353535353535353
oracle1,boundary_gap_r5,overall_mean_loss,5,713,4431.542776998597,0.10774505220508025
oracle1,boundary_gap_r5,overall_mean_loss,6,714,5041.375350140056,0.10244319950202303
oracle1,boundary_gap_r5,overall_mean_loss,7,713,5811.262272089762,0.08812529219261338
oracle1,boundary_gap_r5,overall_mean_loss,8,714,6951.6596638655465,0.08110799875505757
oracle1,boundary_gap_r5,overall_mean_loss,9,714,10756.281512605043,0.06708683473389357
oracle1,boundary_gap_r5,between_subset_variability,0,714,1517.3809523809523,0.001624995677283259
oracle1,boundary_gap_r5,between_subset_variability,1,713,2398.0028050490882,0.0013706647273734698
oracle1,boundary_gap_r5,between_subset_variability,2,714,2933.607843137255,0.001285748867448214
oracle1,boundary_gap_r5,between_subset_variability,3,712,3410.5941011235955,0.0010774726036898322
oracle1,boundary_gap_r5,between_subset_variability,4,715,3910.993006993007,0.0011240611240611242
oracle1,boundary_gap_r5,between_subset_variability,5,713,4431.542776998597,0.0010475646286772983
oracle1,boundary_gap_r5,between_subset_variability,6,714,5041.375350140056,0.0010371062005048934
oracle1,boundary_gap_r5,between_subset_variability,7,713,5811.262272089762,0.0008941526847090195
oracle1,boundary_gap_r5,between_subset_variability,8,714,6951.6596638655465,0.0007843137254901962
oracle1,boundary_gap_r5,between_subset_variability,9,714,10756.281512605043,0.0006833350624200297
oracle1,boundary_gap_r5,within_subset_variability,0,714,1517.3809523809523,0.004187156344019089
oracle1,boundary_gap_r5,within_subset_variability,1,713,2398.0028050490882,0.003707859331982754
oracle1,boundary_gap_r5,within_subset_variability,2,714,2933.607843137255,0.0033053221288515404
oracle1,boundary_gap_r5,within_subset_variability,3,712,3410.5941011235955,0.0031387848522679983
oracle1,boundary_gap_r5,within_subset_variability,4,715,3910.993006993007,0.0028458948458948458
oracle1,boundary_gap_r5,within_subset_variability,5,713,4431.542776998597,0.0027395979429640023
oracle1,boundary_gap_r5,within_subset_variability,6,714,5041.375350140056,0.0025894802365390604
oracle1,boundary_gap_r5,within_subset_variability,7,713,5811.262272089762,0.002306373694872994
oracle1,boundary_gap_r5,within_subset_variability,8,714,6951.6596638655465,0.0021682747172943255
oracle1,boundary_gap_r5,within_subset_variability,9,714,10756.281512605043,0.0017813051146384482
oracle1,local_distance_concentration,harmful_frequency_all,0,714,0.17415372972316293,0.8935574229691877
oracle1,local_distance_concentration,harmful_frequency_all,1,713,0.23249673957889125,0.8441639395356085
oracle1,local_distance_concentration,harmful_frequency_all,2,714,0.275093510600203,0.8244631185807657
oracle1,local_distance_concentration,harmful_frequency_all,3,713,0.3206459961303918,0.8062957768427614
oracle1,local_distance_concentration,harmful_frequency_all,4,714,0.3705724715693567,0.7967631497043262
oracle1,local_distance_concentration,harmful_frequency_all,5,714,0.43161837960193383,0.7956738250855897
oracle1,local_distance_concentration,harmful_frequency_all,6,713,0.5188151899160848,0.7729468599033816
oracle1,local_distance_concentration,harmful_frequency_all,7,713,0.6972444818954177,0.7617266635499454
oracle1,local_distance_concentration,harmful_frequency_all,8,714,1.1891630546985006,0.7172424525365702
oracle1,local_distance_concentration,harmful_frequency_all,9,714,4.465484545137179,0.6873638344226579
oracle1,local_distance_concentration,harmful_subset_frequency,0,714,0.17415372972316293,0.9379084967320261
oracle1,local_distance_concentration,harmful_subset_frequency,1,713,0.23249673957889125,0.8952781673679289
oracle1,local_distance_concentration,harmful_subset_frequency,2,714,0.275093510600203,0.8814192343604107
oracle1,local_distance_concentration,harmful_subset_frequency,3,713,0.3206459961303918,0.8620850864890137
oracle1,local_distance_concentration,harmful_subset_frequency,4,714,0.3705724715693567,0.8403361344537815
oracle1,local_distance_concentration,harmful_subset_frequency,5,714,0.43161837960193383,0.8510737628384688
oracle1,local_distance_concentration,harmful_subset_frequency,6,713,0.5188151899160848,0.8214118747078073
oracle1,local_distance_concentration,harmful_subset_frequency,7,713,0.6972444818954177,0.8078541374474053
oracle1,local_distance_concentration,harmful_subset_frequency,8,714,1.1891630546985006,0.7516339869281047
oracle1,local_distance_concentration,harmful_subset_frequency,9,714,4.465484545137179,0.723622782446312
oracle1,local_distance_concentration,overall_mean_loss,0,714,0.17415372972316293,0.15093370681605975
oracle1,local_distance_concentration,overall_mean_loss,1,713,0.23249673957889125,0.13054386785102073
oracle1,local_distance_concentration,overall_mean_loss,2,714,0.275093510600203,0.12155306567071275
oracle1,local_distance_concentration,overall_mean_loss,3,713,0.3206459961303918,0.11790556334735858
oracle1,local_distance_concentration,overall_mean_loss,4,714,0.3705724715693567,0.1170245876128229
oracle1,local_distance_concentration,overall_mean_loss,5,714,0.43161837960193383,0.1124494242141301
oracle1,local_distance_concentration,overall_mean_loss,6,713,0.5188151899160848,0.1099111734455353
oracle1,local_distance_concentration,overall_mean_loss,7,713,0.6972444818954177,0.10506467196509273
oracle1,local_distance_concentration,overall_mean_loss,8,714,1.1891630546985006,0.09581388110799878
oracle1,local_distance_concentration,overall_mean_loss,9,714,4.465484545137179,0.09086523498288207
oracle1,local_distance_concentration,between_subset_variability,0,714,0.17415372972316293,0.0014216550817858008
oracle1,local_distance_concentration,between_subset_variability,1,713,0.23249673957889125,0.0012601942756220457
oracle1,local_distance_concentration,between_subset_variability,2,714,0.275093510600203,0.0011806203963066707
oracle1,local_distance_concentration,between_subset_variability,3,713,0.3206459961303918,0.0010787318407701767
oracle1,local_distance_concentration,between_subset_variability,4,714,0.3705724715693567,0.0010855206280042883
oracle1,local_distance_concentration,between_subset_variability,5,714,0.43161837960193383,0.0011017740429505136
oracle1,local_distance_concentration,between_subset_variability,6,713,0.5188151899160848,0.0010174363236541825
oracle1,local_distance_concentration,between_subset_variability,7,713,0.6972444818954177,0.0010139733000883071
oracle1,local_distance_concentration,between_subset_variability,8,714,1.1891630546985006,0.0008863298405782067
oracle1,local_distance_concentration,between_subset_variability,9,714,4.465484545137179,0.0008832174845246741
oracle1,local_distance_concentration,within_subset_variability,0,714,0.17415372972316293,0.003687104471418197
oracle1,local_distance_concentration,within_subset_variability,1,713,0.23249673957889125,0.0032621681990545946
oracle1,local_distance_concentration,within_subset_variability,2,714,0.275093510600203,0.0029992737835875098
oracle1,local_distance_concentration,within_subset_variability,3,713,0.3206459961303918,0.002971274219521064
oracle1,local_distance_concentration,within_subset_variability,4,714,0.3705724715693567,0.002921464882249196
oracle1,local_distance_concentration,within_subset_variability,5,714,0.43161837960193383,0.0027326486150015565
oracle1,local_distance_concentration,within_subset_variability,6,713,0.5188151899160848,0.00274271466417329
oracle1,local_distance_concentration,within_subset_variability,7,713,0.6972444818954177,0.0026409017713365543
oracle1,local_distance_concentration,within_subset_variability,8,714,1.1891630546985006,0.0024556489262371616
oracle1,local_distance_concentration,within_subset_variability,9,714,4.465484545137179,0.002356053532524121
oracle1,candidate_count,harmful_frequency_all,0,713,529.6115007012622,0.7737260402057037
oracle1,candidate_count,harmful_frequency_all,1,713,723.0280504908836,0.781829515349852
oracle1,candidate_count,harmful_frequency_all,2,711,842.7834036568214,0.7913736521331457
oracle1,candidate_count,harmful_frequency_all,3,714,928.9397759103641,0.7928727046374104
oracle1,candidate_count,harmful_frequency_all,4,706,996.114730878187,0.7870632672332388
oracle1,candidate_count,harmful_frequency_all,5,716,1054.06843575419,0.7897268777157044
oracle1,candidate_count,harmful_frequency_all,6,708,1105.5579096045199,0.7842121782799748
oracle1,candidate_count,harmful_frequency_all,7,719,1155.4158553546592,0.7960129809921186
oracle1,candidate_count,harmful_frequency_all,8,715,1209.758041958042,0.7885003885003884
oracle1,candidate_count,harmful_frequency_all,9,721,1310.5617198335644,0.8144552319309601
oracle1,candidate_count,harmful_subset_frequency,0,713,529.6115007012622,0.8059841047218326
oracle1,candidate_count,harmful_subset_frequency,1,713,723.0280504908836,0.8214118747078073
oracle1,candidate_count,harmful_subset_frequency,2,711,842.7834036568214,0.8330989217065166
oracle1,candidate_count,harmful_subset_frequency,3,714,928.9397759103641,0.8478057889822594
oracle1,candidate_count,harmful_subset_frequency,4,706,996.114730878187,0.8408876298394713
oracle1,candidate_count,harmful_subset_frequency,5,716,1054.06843575419,0.8384543761638733
oracle1,candidate_count,harmful_subset_frequency,6,708,1105.5579096045199,0.8248587570621468
oracle1,candidate_count,harmful_subset_frequency,7,719,1155.4158553546592,0.8474733426054706
oracle1,candidate_count,harmful_subset_frequency,8,715,1209.758041958042,0.8382284382284382
oracle1,candidate_count,harmful_subset_frequency,9,721,1310.5617198335644,0.8737864077669902
oracle1,candidate_count,overall_mean_loss,0,713,529.6115007012622,0.11731338631759389
oracle1,candidate_count,overall_mean_loss,1,713,723.0280504908836,0.1132148979273804
oracle1,candidate_count,overall_mean_loss,2,711,842.7834036568214,0.11359587435536803
oracle1,candidate_count,overall_mean_loss,3,714,928.9397759103641,0.11535947712418301
oracle1,candidate_count,overall_mean_loss,4,706,996.114730878187,0.11550204595530375
oracle1,candidate_count,overall_mean_loss,5,716,1054.06843575419,0.11354748603351955
oracle1,candidate_count,overall_mean_loss,6,708,1105.5579096045199,0.11335530445699937
oracle1,candidate_count,overall_mean_loss,7,719,1155.4158553546592,0.11622624014835418
oracle1,candidate_count,overall_mean_loss,8,715,1209.758041958042,0.11341103341103342
oracle1,candidate_count,overall_mean_loss,9,721,1310.5617198335644,0.12046540298967483
oracle1,candidate_count,between_subset_variability,0,713,529.6115007012622,0.0009907710421969422
oracle1,candidate_count,between_subset_variability,1,713,723.0280504908836,0.000990078437483767
oracle1,candidate_count,between_subset_variability,2,711,842.7834036568214,0.0010289802226042264
oracle1,candidate_count,between_subset_variability,3,714,928.9397759103641,0.0010409101912369888
oracle1,candidate_count,between_subset_variability,4,706,996.114730878187,0.0011023677123771552
oracle1,candidate_count,between_subset_variability,5,716,1054.06843575419,0.001164563073315401
oracle1,candidate_count,between_subset_variability,6,708,1105.5579096045199,0.0010664713677896354
oracle1,candidate_count,between_subset_variability,7,719,1155.4158553546592,0.0012022871271828157
oracle1,candidate_count,between_subset_variability,8,715,1209.758041958042,0.0011216437883104552
oracle1,candidate_count,between_subset_variability,9,721,1310.5617198335644,0.0012184722864334516
oracle1,candidate_count,within_subset_variability,0,713,529.6115007012622,0.0026720689834294326
oracle1,candidate_count,within_subset_variability,1,713,723.0280504908836,0.0026751857046387207
oracle1,candidate_count,within_subset_variability,2,711,842.7834036568214,0.0026618742511850813
oracle1,candidate_count,within_subset_variability,3,714,928.9397759103641,0.002938064114534703
oracle1,candidate_count,within_subset_variability,4,706,996.114730878187,0.003016472563214773
oracle1,candidate_count,within_subset_variability,5,716,1054.06843575419,0.002865714876888062
oracle1,candidate_count,within_subset_variability,6,708,1105.5579096045199,0.0028635697844737393
oracle1,candidate_count,within_subset_variability,7,719,1155.4158553546592,0.003001081749343224
oracle1,candidate_count,within_subset_variability,8,715,1209.758041958042,0.002972286972286973
oracle1,candidate_count,within_subset_variability,9,721,1310.5617198335644,0.00309960445882776
oracle1,oracle_recall,harmful_frequency_all,0,7136,1.0,0.7900161933233684
oracle1,oracle_recall,harmful_subset_frequency,0,7136,1.0,0.8372571001494767
oracle1,oracle_recall,overall_mean_loss,0,7136,1.0,0.11520615346287993
oracle1,oracle_recall,between_subset_variability,0,7136,1.0,0.0010929455239993358
oracle1,oracle_recall,within_subset_variability,0,7136,1.0,0.00287690998173061
